LOAN_AMOUNT,CREDIT_SCORE,MONTHLY_INCOME,DEBT_TO_INCOME_RATIO,LOAN_TERM_MONTHS,EMPLOYMENT_STATUS,EDUCATION_LEVEL,LOAN_PURPOSE,STATE,LOAN_DEFAULT
21907,482,4612,0.27,6,Self-Employed,Masters,Education,NY,1
6168,588,2003,0.28,36,Employed,Masters,Business,TX,1
5912,742,8311,0.16,34,Retired,High School,Car,NY,0
19759,552,2639,0.39,25,Unemployed,High School,Car,TX,1
18810,765,4059,0.11,52,Employed,High School,Business,NY,0
14372,522,500,0.49,33,Employed,Bachelors,Debt Consolidation,TX,1
1000,697,4650,0.06,43,Employed,PhD,Home,TX,0
6510,539,1895,0.28,28,Self-Employed,PhD,Debt Consolidation,IL,0
21152,423,2762,0.39,6,Employed,Masters,Home,NC,1
17161,495,1567,0.42,21,Employed,Bachelors,Debt Consolidation,NY,1
16499,374,500,0.41,13,Employed,Bachelors,Education,NC,1
19273,461,4442,0.23,6,Employed,High School,Car,NY,1
4734,437,500,0.27,18,Employed,High School,Home,GA,0
1000,683,4239,0.05,39,Self-Employed,Bachelors,Debt Consolidation,GA,0
5505,669,6488,0.33,32,Employed,Bachelors,Education,FL,0
20404,820,7576,0.22,47,Employed,Bachelors,Education,FL,0
1000,349,1407,0.45,6,Employed,Bachelors,Car,FL,1
19086,338,500,0.29,6,Employed,Masters,Home,OH,0
1000,560,1599,0.13,34,Employed,Bachelors,Home,CA,1
20434,459,2441,0.41,10,Unemployed,Bachelors,Car,TX,1
19711,479,1986,0.43,16,Employed,Masters,Debt Consolidation,GA,1
19690,544,2309,0.41,25,Retired,Bachelors,Business,OH,1
18595,638,3167,0.45,38,Unemployed,Masters,Education,TX,1
11145,355,500,0.41,6,Unemployed,Bachelors,Education,NY,1
18001,613,3907,0.30,29,Self-Employed,Masters,Education,FL,0
21995,445,3196,0.21,6,Employed,High School,Car,GA,1
24286,620,1655,0.56,41,Employed,Bachelors,Business,IL,1
9984,403,591,0.34,11,Employed,Masters,Debt Consolidation,IL,1
24375,850,5037,0.12,77,Employed,Bachelors,Education,NY,0
13037,612,3397,0.09,31,Employed,Bachelors,Home,NY,1
1000,700,4242,0.13,46,Employed,Bachelors,Home,IL,0
20006,703,4991,0.29,39,Employed,Masters,Debt Consolidation,CA,0
15895,642,2753,0.48,41,Employed,High School,Debt Consolidation,CA,1
2628,634,1746,0.30,46,Employed,High School,Education,IL,0
19241,673,3316,0.24,41,Self-Employed,Bachelors,Car,GA,1
14054,329,1592,0.34,6,Self-Employed,High School,Business,NC,0
11121,427,971,0.10,11,Employed,PhD,Education,OH,1
18060,629,1013,0.50,46,Employed,High School,Home,NC,1
25480,597,5391,0.29,18,Employed,High School,Home,IL,0
20346,747,4007,0.20,50,Employed,Masters,Business,OH,0
1000,587,1539,0.21,39,Employed,PhD,Debt Consolidation,FL,1
24730,644,3707,0.40,35,Employed,Bachelors,Car,CA,1
25768,507,5311,0.28,6,Employed,Masters,Home,NY,1
21637,533,2216,0.46,24,Employed,Bachelors,Education,CA,1
5108,709,6665,0.39,38,Self-Employed,Masters,Business,IL,0
18900,750,2671,0.09,55,Employed,High School,Business,FL,0
24505,645,3900,0.40,34,Unemployed,Bachelors,Home,IL,1
1000,725,7736,0.14,36,Employed,Masters,Home,NC,0
6084,676,6237,0.28,33,Self-Employed,Masters,Car,GA,0
19192,538,688,0.53,33,Employed,Masters,Debt Consolidation,NC,1
26367,461,5418,0.44,6,Self-Employed,High School,Home,CA,1
19215,805,5563,0.12,52,Retired,Masters,Education,IL,0
9120,520,2591,0.22,21,Employed,Bachelors,Car,IL,0
3413,602,2526,0.34,38,Self-Employed,High School,Debt Consolidation,NY,0
8040,581,4628,0.05,20,Employed,High School,Car,IL,0
13508,463,1244,0.37,18,Self-Employed,Masters,Car,OH,1
10595,604,4330,0.31,28,Self-Employed,Bachelors,Education,NY,0
23532,821,3841,0.23,62,Employed,PhD,Education,NC,0
9762,456,2686,0.52,13,Self-Employed,High School,Home,GA,1
1000,777,4009,0.13,61,Self-Employed,Bachelors,Debt Consolidation,CA,0
15161,503,500,0.54,33,Employed,Bachelors,Debt Consolidation,NY,1
16767,642,5202,0.24,29,Retired,High School,Business,IL,1
14058,463,2310,0.10,10,Employed,High School,Home,OH,1
11797,550,2425,0.07,25,Employed,High School,Education,FL,1
1613,561,2050,0.34,34,Employed,Bachelors,Debt Consolidation,OH,0
24486,610,4076,0.37,27,Employed,Bachelors,Home,IL,1
11079,526,1786,0.23,25,Employed,Bachelors,Education,OH,1
9412,535,4573,0.41,17,Retired,PhD,Business,NY,1
17419,413,1391,0.43,8,Employed,High School,Car,IL,1
15784,569,1355,0.47,35,Self-Employed,High School,Debt Consolidation,OH,1
11787,489,1806,0.48,21,Employed,High School,Business,TX,1
20232,476,1215,0.36,18,Unemployed,Bachelors,Debt Consolidation,TX,1
27256,652,4743,0.38,31,Unemployed,PhD,Education,TX,0
10167,300,1422,0.28,6,Retired,Bachelors,Home,FL,0
12553,565,3725,0.29,24,Self-Employed,High School,Car,NY,0
1000,479,825,0.33,26,Retired,Masters,Debt Consolidation,NY,1
12987,665,7672,0.12,22,Retired,Masters,Business,TX,0
5751,558,1503,0.18,32,Employed,High School,Home,CA,1
27743,658,3739,0.46,37,Employed,High School,Education,IL,1
19695,757,6279,0.24,42,Employed,Bachelors,Debt Consolidation,GA,0
22708,702,500,0.18,66,Retired,High School,Car,OH,0
20696,821,4395,0.12,59,Employed,High School,Home,FL,0
16057,533,907,0.45,31,Employed,Masters,Business,FL,1
15169,429,735,0.44,14,Employed,Bachelors,Business,CA,1
17121,477,2335,0.36,14,Employed,Bachelors,Education,GA,1
5242,403,500,0.14,16,Employed,Masters,Business,FL,1
4302,635,5522,0.06,28,Employed,High School,Car,FL,0
18265,430,2345,0.37,6,Retired,High School,Education,IL,1
7841,633,2513,0.05,39,Employed,High School,Car,NC,0
7925,474,935,0.15,20,Unemployed,Bachelors,Debt Consolidation,GA,1
11428,478,1953,0.22,16,Self-Employed,High School,Education,FL,1
1000,729,6052,0.31,45,Self-Employed,Bachelors,Business,OH,0
18203,376,500,0.22,6,Employed,Masters,Home,NY,1
27183,523,2577,0.31,18,Employed,High School,Business,CA,1
8740,606,5836,0.05,20,Employed,Masters,Car,IL,1
20028,583,500,0.28,43,Self-Employed,High School,Home,IL,1
17374,720,6522,0.20,35,Employed,High School,Business,NY,0
1879,651,3871,0.19,39,Employed,High School,Education,OH,0
14048,472,506,0.31,21,Employed,PhD,Debt Consolidation,GA,1
16961,691,5087,0.17,36,Employed,High School,Home,CA,0
8209,339,500,0.57,18,Employed,Bachelors,Car,CA,1
18886,534,1200,0.47,29,Employed,High School,Business,CA,1
20552,538,2983,0.38,21,Employed,Masters,Car,CA,1
15314,434,1024,0.42,14,Retired,High School,Debt Consolidation,IL,1
6119,573,2117,0.10,32,Employed,High School,Business,NC,0
7450,440,500,0.39,23,Employed,High School,Car,FL,1
22563,700,2003,0.50,53,Employed,Masters,Car,OH,1
15341,572,500,0.51,42,Unemployed,Bachelors,Education,CA,1
11194,456,2311,0.33,12,Self-Employed,High School,Car,OH,1
19997,726,7112,0.33,35,Self-Employed,High School,Car,GA,0
14988,327,1878,0.34,6,Unemployed,High School,Education,NY,1
16588,457,500,0.57,26,Unemployed,High School,Debt Consolidation,NC,1
10876,618,6068,0.37,24,Self-Employed,PhD,Business,NY,1
9710,464,516,0.21,20,Employed,PhD,Home,NC,1
15209,528,2744,0.29,21,Self-Employed,High School,Education,TX,0
12111,595,4286,0.29,26,Self-Employed,Masters,Education,OH,0
4672,618,3552,0.14,34,Unemployed,Bachelors,Business,NC,0
19352,841,9255,0.20,43,Employed,Bachelors,Business,NC,0
1000,615,2839,0.05,36,Self-Employed,Bachelors,Debt Consolidation,FL,0
11539,567,4211,0.20,21,Employed,High School,Car,CA,1
7001,618,2408,0.41,41,Employed,High School,Business,CA,1
21040,585,1538,0.40,35,Employed,Bachelors,Education,IL,1
8961,445,500,0.05,18,Self-Employed,High School,Business,TX,0
4360,566,1051,0.06,35,Employed,Bachelors,Car,TX,0
22149,485,4673,0.26,6,Self-Employed,High School,Debt Consolidation,NC,1
11522,438,2032,0.26,10,Unemployed,High School,Car,IL,1
17707,609,2834,0.52,36,Retired,Bachelors,Car,NC,1
22481,850,7661,0.25,55,Self-Employed,Bachelors,Debt Consolidation,GA,0
21323,600,1120,0.56,41,Self-Employed,High School,Car,NC,1
1000,606,500,0.10,47,Retired,High School,Education,IL,0
12595,584,931,0.38,39,Employed,Bachelors,Debt Consolidation,NY,1
22778,608,2237,0.46,36,Unemployed,Masters,Car,GA,0
28250,533,6787,0.22,6,Employed,Bachelors,Home,NC,1
9518,594,2262,0.16,34,Unemployed,PhD,Debt Consolidation,NC,0
19273,579,2112,0.42,32,Employed,Masters,Business,IL,1
29361,608,5141,0.37,21,Unemployed,High School,Home,NY,1
13239,707,3531,0.43,49,Unemployed,High School,Debt Consolidation,CA,1
8889,738,5266,0.29,47,Employed,Bachelors,Debt Consolidation,OH,0
15210,614,500,0.56,52,Employed,High School,Business,OH,1
9761,621,5524,0.14,25,Retired,Masters,Home,IL,0
12985,533,500,0.46,36,Unemployed,High School,Business,CA,1
12198,559,1946,0.22,29,Employed,High School,Education,IL,0
17183,599,1684,0.35,37,Employed,Masters,Debt Consolidation,OH,1
16174,537,1580,0.39,28,Employed,PhD,Car,GA,1
25276,351,500,0.22,6,Self-Employed,Bachelors,Home,NY,1
7761,588,948,0.05,37,Unemployed,Bachelors,Debt Consolidation,NC,0
4156,531,1170,0.05,28,Employed,Masters,Debt Consolidation,NC,1
17912,416,3392,0.28,6,Employed,Masters,Home,GA,1
2029,650,7867,0.28,23,Employed,Masters,Education,NC,0
20768,577,3762,0.32,23,Unemployed,Masters,Car,IL,1
18266,763,4421,0.10,50,Employed,Bachelors,Home,OH,1
21768,536,3922,0.32,16,Employed,Masters,Home,NC,1
7535,612,4024,0.24,31,Employed,High School,Business,FL,0
3381,507,2940,0.28,20,Self-Employed,Masters,Debt Consolidation,GA,0
15247,501,2735,0.19,15,Employed,Bachelors,Home,TX,0
19593,546,2819,0.46,24,Employed,Masters,Home,GA,1
24850,732,3010,0.48,53,Unemployed,High School,Education,GA,1
22473,802,5966,0.29,51,Unemployed,High School,Business,CA,0
13114,467,500,0.29,28,Employed,Bachelors,Debt Consolidation,IL,1
6516,570,3077,0.36,29,Employed,High School,Car,FL,1
1000,599,1154,0.18,42,Employed,Bachelors,Car,IL,0
1000,572,1546,0.05,34,Employed,High School,Education,OH,1
21923,465,3082,0.38,8,Employed,PhD,Business,IL,1
24250,533,5254,0.27,8,Employed,High School,Home,NY,1
16219,613,500,0.49,47,Self-Employed,High School,Education,GA,1
1000,679,4096,0.37,47,Retired,High School,Car,CA,0
8369,649,5693,0.27,30,Unemployed,High School,Education,GA,0
1000,592,2734,0.13,37,Self-Employed,Bachelors,Education,NC,0
29314,633,4683,0.41,27,Self-Employed,Masters,Debt Consolidation,IL,1
29235,610,5943,0.32,17,Employed,Bachelors,Debt Consolidation,GA,1
11424,470,3425,0.38,10,Unemployed,High School,Car,FL,1
11472,560,3257,0.29,25,Unemployed,Bachelors,Business,CA,1
4022,468,2770,0.34,14,Employed,High School,Business,FL,1
9336,464,500,0.21,26,Unemployed,Masters,Business,GA,1
20403,363,500,0.19,6,Retired,High School,Car,IL,0
16306,739,8001,0.17,32,Retired,Masters,Car,NC,0
7366,485,671,0.10,23,Employed,PhD,Business,FL,1
1000,685,2915,0.05,48,Employed,Bachelors,Debt Consolidation,TX,0
24477,850,4387,0.17,73,Employed,Masters,Business,TX,1
20546,659,2330,0.39,44,Employed,Masters,Business,CA,1
16745,541,1320,0.43,30,Employed,High School,Home,GA,1
15989,584,500,0.57,48,Unemployed,High School,Car,NY,1
4867,528,2987,0.38,24,Self-Employed,Masters,Home,OH,1
6175,426,500,0.14,31,Self-Employed,High School,Debt Consolidation,IL,1
22172,683,2394,0.47,48,Unemployed,High School,Home,FL,1
16036,459,2044,0.36,13,Employed,High School,Business,GA,1
26074,580,5515,0.29,15,Self-Employed,High School,Business,NY,0
5234,580,4690,0.38,25,Employed,Masters,Business,FL,0
8209,458,500,0.05,29,Employed,High School,Home,OH,1
1000,698,4572,0.05,43,Self-Employed,Masters,Car,TX,0
27184,794,1544,0.36,67,Employed,Bachelors,Business,NC,1
6320,499,860,0.36,27,Unemployed,High School,Debt Consolidation,FL,1
5365,507,1937,0.23,23,Self-Employed,High School,Car,NY,1
17006,300,2302,0.34,6,Employed,High School,Education,CA,1
20720,522,3395,0.34,16,Employed,High School,Education,CA,0
21535,411,2659,0.41,6,Self-Employed,Bachelors,Business,FL,0
3540,680,5839,0.28,36,Employed,Bachelors,Business,NY,0
13604,517,500,0.52,36,Employed,Bachelors,Home,NC,1
27566,333,1583,0.43,6,Employed,Bachelors,Debt Consolidation,IL,1
22233,630,2766,0.43,37,Self-Employed,High School,Home,GA,0
16194,300,865,0.68,6,Employed,High School,Business,NY,1
16558,667,5691,0.21,30,Employed,High School,Education,IL,0
17568,593,1044,0.46,40,Employed,Masters,Business,NY,1
5593,556,1924,0.05,28,Unemployed,Masters,Education,NY,0
15949,444,1178,0.42,14,Self-Employed,Bachelors,Education,CA,1
7878,562,3322,0.14,25,Employed,High School,Debt Consolidation,GA,0
6768,507,839,0.25,27,Unemployed,Bachelors,Home,NY,1
20715,641,4221,0.58,35,Self-Employed,Bachelors,Education,OH,1
12300,548,3486,0.27,22,Employed,Bachelors,Home,NY,1
21633,850,6549,0.19,57,Employed,High School,Home,GA,1
1000,697,6320,0.05,36,Self-Employed,Bachelors,Debt Consolidation,OH,0
7242,470,500,0.27,25,Employed,Bachelors,Business,IL,1
23331,605,2965,0.42,32,Employed,High School,Debt Consolidation,FL,1
14771,471,2222,0.05,11,Employed,Masters,Education,NY,1
2585,635,5234,0.19,31,Employed,PhD,Home,CA,0
37176,850,7653,0.36,59,Employed,High School,Business,GA,0
8084,511,1888,0.25,23,Employed,Bachelors,Home,IL,1
24258,650,3091,0.44,39,Employed,Bachelors,Debt Consolidation,CA,1
3435,539,2010,0.19,28,Employed,High School,Business,NC,1
10371,467,500,0.42,25,Self-Employed,High School,Education,FL,1
4671,597,3361,0.38,34,Employed,Bachelors,Business,IL,1
17908,720,5313,0.18,40,Self-Employed,Bachelors,Business,CA,1
4883,566,2890,0.29,30,Employed,Bachelors,Education,IL,0
21522,850,6850,0.10,65,Self-Employed,High School,Business,NY,0
14171,459,1945,0.33,13,Employed,Bachelors,Home,GA,1
17712,453,500,0.26,17,Self-Employed,High School,Debt Consolidation,IL,1
22543,500,4068,0.32,9,Employed,High School,Home,NY,0
1000,684,3260,0.20,48,Employed,Masters,Debt Consolidation,OH,0
8535,599,2816,0.12,32,Employed,High School,Home,TX,0
21080,531,2451,0.42,22,Employed,Masters,Car,CA,1
3618,606,3291,0.36,35,Employed,High School,Business,IL,0
18446,512,2776,0.51,19,Self-Employed,Bachelors,Home,TX,0
17133,587,4392,0.32,23,Employed,High School,Home,OH,0
24736,422,2583,0.17,6,Employed,Masters,Business,FL,1
23179,518,2715,0.44,19,Self-Employed,Masters,Car,NY,1
8189,576,4132,0.07,23,Employed,Masters,Car,CA,1
1000,633,1264,0.05,46,Unemployed,Bachelors,Business,NC,0
27323,300,500,0.27,6,Employed,Masters,Car,OH,1
14937,511,2269,0.19,19,Unemployed,High School,Education,OH,1
21268,641,3251,0.37,37,Employed,Masters,Education,GA,0
22513,591,3867,0.35,25,Employed,High School,Debt Consolidation,GA,1
12016,473,4138,0.26,6,Employed,Masters,Debt Consolidation,FL,0
4488,540,1659,0.23,30,Employed,Masters,Business,OH,0
16858,738,4716,0.38,48,Unemployed,PhD,Business,TX,0
3569,578,4046,0.30,27,Employed,Masters,Business,CA,1
6574,631,2128,0.37,44,Unemployed,High School,Debt Consolidation,FL,1
24364,382,500,0.40,6,Employed,High School,Home,NY,1
8531,436,500,0.22,21,Unemployed,High School,Debt Consolidation,TX,1
17022,436,1424,0.44,12,Employed,Bachelors,Business,TX,0
16905,522,2330,0.41,22,Employed,Bachelors,Business,NC,0
13589,536,1565,0.11,26,Unemployed,Bachelors,Business,CA,1
18289,520,2611,0.36,20,Retired,High School,Debt Consolidation,CA,1
1488,626,4606,0.10,31,Employed,High School,Education,NC,1
17474,481,1813,0.26,16,Employed,Masters,Education,NY,0
26399,638,5324,0.31,25,Employed,High School,Debt Consolidation,NY,1
16553,433,585,0.34,14,Employed,Masters,Debt Consolidation,GA,1
17682,688,6177,0.25,32,Employed,Bachelors,Home,IL,0
15645,445,500,0.53,22,Unemployed,Masters,Home,NY,1
19012,727,6870,0.28,35,Employed,Masters,Home,FL,0
20257,562,2080,0.45,29,Employed,High School,Business,GA,1
18284,735,6099,0.20,39,Employed,PhD,Business,TX,0
3808,722,5213,0.10,44,Unemployed,High School,Home,CA,0
17668,375,2779,0.31,6,Employed,Bachelors,Car,GA,1
1642,723,5544,0.05,43,Self-Employed,High School,Education,GA,0
16844,580,6369,0.25,13,Employed,High School,Home,TX,0
22919,518,4121,0.33,12,Self-Employed,High School,Car,NC,1
18197,565,1686,0.43,32,Unemployed,Masters,Home,FL,1
18716,511,2708,0.36,18,Employed,Masters,Business,CA,0
18016,514,3891,0.24,12,Unemployed,High School,Home,TX,0
19777,478,2532,0.39,13,Self-Employed,High School,Car,NC,1
17924,624,4511,0.30,29,Self-Employed,Masters,Business,CA,0
12727,547,3088,0.56,26,Employed,High School,Education,IL,0
1000,824,8174,0.24,52,Employed,Bachelors,Home,NY,0
21511,500,3047,0.38,14,Employed,High School,Education,FL,1
19509,764,7176,0.25,40,Employed,Masters,Education,CA,0
15198,548,2300,0.59,29,Unemployed,High School,Education,OH,1
20538,535,3432,0.33,18,Employed,Masters,Car,OH,1
10069,463,500,0.06,19,Self-Employed,PhD,Car,OH,1
3202,689,6280,0.13,34,Employed,Bachelors,Business,CA,0
25220,631,3838,0.40,32,Self-Employed,Masters,Debt Consolidation,GA,1
18718,568,1856,0.43,32,Employed,Masters,Business,NY,1
15771,681,4634,0.31,38,Employed,Bachelors,Home,GA,0
3369,508,3396,0.38,19,Self-Employed,Bachelors,Home,CA,1
4145,577,2473,0.05,31,Employed,Bachelors,Home,NC,0
17870,764,2408,0.05,58,Unemployed,PhD,Education,TX,0
15440,523,770,0.44,30,Employed,Bachelors,Car,NC,1
18516,767,4353,0.10,51,Self-Employed,High School,Business,NC,1
7605,570,3297,0.14,26,Employed,High School,Car,NY,0
20801,850,4917,0.05,70,Unemployed,Masters,Home,IL,0
27766,628,5034,0.36,25,Self-Employed,High School,Home,CA,1
18507,487,3316,0.41,12,Employed,Masters,Car,TX,1
18810,792,3854,0.06,57,Employed,Bachelors,Business,GA,0
19691,734,5777,0.26,41,Self-Employed,Bachelors,Business,TX,0
20737,690,4564,0.33,39,Employed,High School,Debt Consolidation,NC,0
20153,443,2515,0.40,7,Self-Employed,Masters,Business,TX,0
1668,618,2910,0.05,36,Employed,High School,Home,GA,0
3413,443,2492,0.30,11,Self-Employed,Bachelors,Car,OH,1
17867,476,1628,0.42,17,Employed,High School,Home,TX,1
13277,300,1537,0.32,6,Self-Employed,Masters,Education,FL,1
14087,507,846,0.41,27,Unemployed,PhD,Education,IL,1
17025,521,1780,0.39,24,Retired,Masters,Education,TX,0
1000,654,2639,0.14,45,Self-Employed,High School,Home,GA,0
13203,540,3487,0.27,20,Unemployed,Bachelors,Car,FL,1
19156,549,3218,0.33,22,Employed,Masters,Car,NC,1
19296,622,648,0.54,47,Self-Employed,High School,Home,IL,1
4787,637,3429,0.20,38,Employed,Masters,Education,CA,0
2569,548,2878,0.35,28,Employed,High School,Education,FL,1
15955,541,1178,0.43,31,Employed,Masters,Business,GA,1
15877,661,4262,0.60,40,Unemployed,Bachelors,Car,NC,1
18116,385,3389,0.27,6,Self-Employed,High School,Debt Consolidation,FL,1
17765,464,1501,0.43,16,Self-Employed,PhD,Car,OH,1
2232,632,4059,0.27,36,Self-Employed,High School,Business,FL,1
12965,539,4718,0.24,14,Employed,High School,Education,TX,0
16703,508,4943,0.42,9,Employed,High School,Education,NC,1
22144,706,2844,0.43,50,Unemployed,Bachelors,Debt Consolidation,TX,1
19623,513,2719,0.39,18,Employed,Bachelors,Business,FL,1
25401,705,3977,0.14,41,Retired,Masters,Car,NY,0
21112,427,2264,0.56,7,Employed,Bachelors,Debt Consolidation,CA,1
2102,628,5243,0.34,31,Self-Employed,Bachelors,Business,NC,0
11633,397,600,0.44,11,Unemployed,PhD,Debt Consolidation,IL,1
20877,600,2568,0.42,33,Employed,Masters,Home,TX,0
8550,558,5005,0.16,17,Unemployed,Masters,Home,FL,1
7736,623,5193,0.29,28,Employed,Bachelors,Business,FL,0
17530,474,1906,0.40,16,Self-Employed,High School,Home,GA,1
16733,657,2834,0.13,40,Self-Employed,High School,Car,FL,1
8568,586,3434,0.11,28,Employed,PhD,Business,GA,0
19498,536,1758,0.44,27,Self-Employed,PhD,Car,FL,0
5128,505,500,0.32,31,Employed,High School,Car,OH,1
19867,761,7623,0.29,38,Employed,Masters,Home,CA,0
16628,526,1130,0.45,28,Employed,Masters,Debt Consolidation,GA,0
22782,642,3032,0.42,38,Self-Employed,Bachelors,Debt Consolidation,IL,1
13284,571,2951,0.46,29,Employed,Bachelors,Business,NC,1
10776,521,1536,0.40,27,Employed,High School,Car,NY,1
7340,586,3718,0.34,29,Employed,PhD,Education,NY,0
13157,477,1323,0.27,19,Employed,High School,Home,TX,1
22011,850,5412,0.16,61,Employed,Bachelors,Home,TX,0
16394,551,2198,0.35,27,Unemployed,Bachelors,Business,GA,1
4727,487,792,0.21,24,Self-Employed,Masters,Business,NC,1
17443,504,3778,0.24,11,Employed,Bachelors,Debt Consolidation,NY,0
4343,389,2591,0.42,6,Retired,High School,Education,NY,1
24348,302,500,0.34,6,Retired,Bachelors,Business,OH,1
1000,620,4171,0.38,35,Employed,Masters,Business,GA,0
2939,617,4040,0.34,34,Employed,High School,Education,IL,1
1594,659,5488,0.08,33,Employed,High School,Education,IL,0
1000,398,769,0.30,14,Self-Employed,Bachelors,Car,IL,0
20358,512,3238,0.34,15,Employed,High School,Car,CA,1
7101,485,2598,0.37,17,Employed,Bachelors,Home,CA,0
26670,608,4908,0.35,22,Employed,Bachelors,Education,GA,1
9590,489,1489,0.19,20,Unemployed,High School,Education,OH,1
20034,850,6822,0.08,60,Employed,Bachelors,Home,CA,0
16470,565,2652,0.33,27,Employed,Masters,Debt Consolidation,GA,0
33108,300,500,0.41,6,Employed,Masters,Debt Consolidation,OH,1
18330,489,2493,0.37,15,Employed,High School,Education,GA,1
13444,569,4153,0.26,22,Unemployed,Bachelors,Business,OH,1
16810,408,3380,0.24,6,Employed,Bachelors,Car,TX,0
15593,473,1125,0.42,20,Employed,High School,Education,TX,1
12400,511,2128,0.05,17,Employed,High School,Education,GA,1
14061,440,1716,0.31,11,Employed,High School,Education,NY,0
15565,518,2941,0.12,17,Employed,High School,Business,NC,1
20274,817,6312,0.18,51,Unemployed,Bachelors,Car,OH,0
14729,755,8658,0.10,32,Unemployed,PhD,Education,OH,0
20707,653,2755,0.39,41,Self-Employed,High School,Education,IL,1
24075,850,3570,0.07,80,Employed,PhD,Car,TX,1
8231,408,500,0.55,27,Employed,High School,Debt Consolidation,NC,1
1000,717,3911,0.05,50,Employed,Masters,Home,FL,0
17922,577,1484,0.44,35,Retired,PhD,Car,OH,1
23408,657,2787,0.45,41,Employed,Bachelors,Education,CA,0
1642,621,2724,0.17,39,Self-Employed,Bachelors,Debt Consolidation,NY,0
18781,444,1784,0.43,11,Retired,Masters,Home,TX,0
23342,727,4164,0.35,46,Self-Employed,Bachelors,Home,OH,0
14064,499,1825,0.22,20,Employed,High School,Education,TX,1
12096,502,1447,0.32,23,Employed,PhD,Business,GA,0
17280,463,2738,0.33,10,Unemployed,High School,Business,NC,1
20781,525,3577,0.29,15,Employed,Masters,Car,CA,1
9537,516,2904,0.32,20,Employed,Bachelors,Debt Consolidation,IL,1
21609,490,3138,0.38,12,Employed,Bachelors,Home,NC,1
20303,813,7124,0.21,48,Self-Employed,High School,Car,TX,0
22805,555,2106,0.50,28,Retired,High School,Education,FL,1
23297,850,11148,0.26,56,Retired,High School,Debt Consolidation,NY,0
20695,367,500,0.22,14,Retired,High School,Car,GA,1
15381,643,5304,0.18,28,Employed,High School,Education,CA,0
8774,587,4714,0.37,25,Employed,Bachelors,Business,IL,1
15013,519,2694,0.30,20,Employed,Masters,Car,FL,1
4034,674,3597,0.16,43,Self-Employed,Bachelors,Business,NC,0
13183,465,500,0.29,23,Self-Employed,High School,Debt Consolidation,CA,1
9209,560,3255,0.24,25,Employed,High School,Debt Consolidation,OH,0
13390,681,8724,0.15,20,Employed,Bachelors,Education,GA,0
12621,427,500,0.41,16,Employed,PhD,Business,FL,1
22256,425,2320,0.38,6,Employed,Bachelors,Education,OH,1
12901,415,500,0.47,18,Employed,High School,Car,NC,1
12915,480,2793,0.25,13,Employed,High School,Debt Consolidation,NY,1
20375,447,829,0.13,12,Employed,Bachelors,Car,TX,0
9587,595,3260,0.41,33,Unemployed,High School,Debt Consolidation,GA,0
17310,469,2544,0.25,11,Employed,Bachelors,Debt Consolidation,TX,0
15907,527,1835,0.40,25,Self-Employed,Bachelors,Car,NC,1
20419,813,5411,0.16,54,Employed,Bachelors,Education,OH,0
15746,412,2356,0.31,6,Employed,Bachelors,Debt Consolidation,GA,1
22359,460,1392,0.19,12,Employed,Bachelors,Education,NC,1
22663,827,5222,0.23,58,Retired,Bachelors,Education,NY,1
21684,514,3376,0.36,15,Unemployed,Masters,Education,NC,0
1000,583,4400,0.22,27,Employed,Masters,Home,NC,0
8612,537,1045,0.30,31,Unemployed,Masters,Debt Consolidation,FL,1
4159,547,2748,0.15,26,Employed,High School,Debt Consolidation,CA,1
24111,581,3367,0.41,26,Employed,High School,Home,OH,0
30526,565,5517,0.36,12,Self-Employed,High School,Education,OH,1
21654,824,4999,0.18,58,Employed,Bachelors,Home,FL,0
19904,516,4412,0.25,10,Employed,Bachelors,Debt Consolidation,NC,0
22125,300,500,0.29,6,Employed,High School,Business,TX,1
13917,441,2887,0.32,6,Unemployed,Bachelors,Debt Consolidation,NC,0
13684,445,500,0.39,20,Unemployed,Bachelors,Debt Consolidation,IL,1
20839,504,2773,0.56,18,Employed,High School,Debt Consolidation,CA,1
18966,484,2522,0.39,14,Employed,PhD,Business,CA,1
16338,649,6087,0.24,26,Unemployed,Bachelors,Business,NY,0
18931,788,9113,0.26,36,Employed,Bachelors,Car,NC,0
15285,574,2874,0.20,27,Employed,Bachelors,Debt Consolidation,TX,1
19547,498,1692,0.45,21,Unemployed,PhD,Business,TX,1
16070,493,1880,0.39,20,Employed,Bachelors,Car,NC,1
25206,582,3631,0.42,25,Self-Employed,Bachelors,Business,NC,1
6099,657,4749,0.05,34,Unemployed,Bachelors,Debt Consolidation,OH,0
24386,549,4319,0.35,16,Employed,High School,Car,NC,1
18954,424,3050,0.33,6,Employed,High School,Business,NC,0
24557,602,2440,0.49,34,Employed,Bachelors,Car,GA,1
17365,678,8145,0.32,23,Employed,Bachelors,Car,TX,0
12852,551,1766,0.15,28,Employed,Bachelors,Home,OH,1
21516,588,2511,0.42,31,Employed,Masters,Car,CA,0
15806,551,851,0.45,34,Retired,High School,Car,TX,1
21376,528,2855,0.40,20,Employed,High School,Debt Consolidation,FL,1
17721,718,6102,0.20,37,Employed,High School,Home,OH,0
1000,696,2611,0.07,53,Self-Employed,Masters,Education,OH,0
13619,496,500,0.21,28,Employed,Masters,Home,GA,1
16437,657,7048,0.27,24,Employed,High School,Car,CA,0
18375,837,9791,0.18,41,Unemployed,High School,Debt Consolidation,FL,0
6973,620,3426,0.38,36,Self-Employed,Bachelors,Business,NC,0
19551,725,4170,0.21,46,Employed,Masters,Car,OH,0
3448,421,1231,0.35,13,Employed,Bachelors,Education,TX,0
1000,844,5773,0.30,65,Employed,High School,Education,NC,0
1000,713,4364,0.20,48,Employed,Masters,Debt Consolidation,NY,0
20992,585,3828,0.32,24,Employed,PhD,Home,NC,1
22379,850,6766,0.14,65,Self-Employed,Bachelors,Home,FL,1
21218,793,6688,0.27,46,Self-Employed,High School,Home,IL,0
7258,695,5006,0.17,40,Employed,High School,Car,CA,0
20497,403,500,0.13,14,Unemployed,Bachelors,Education,NC,1
1000,581,2214,0.07,34,Employed,High School,Car,GA,0
2125,530,1448,0.21,29,Unemployed,High School,Education,OH,0
15115,674,2931,0.47,46,Employed,Masters,Car,OH,0
20305,756,4638,0.21,49,Employed,PhD,Home,NY,0
21159,584,2722,0.40,30,Self-Employed,High School,Education,CA,1
5586,618,1965,0.23,41,Employed,Masters,Business,NC,0
26779,651,4290,0.41,33,Employed,High School,Car,NC,0
19383,822,7928,0.19,46,Employed,High School,Business,TX,0
19247,424,1586,0.42,9,Employed,Bachelors,Home,IL,1
13623,501,3019,0.38,17,Employed,High School,Home,NY,1
20813,711,3952,0.28,45,Self-Employed,Masters,Business,CA,1
12259,371,1332,0.34,6,Employed,High School,Home,IL,0
13315,506,2914,0.17,16,Self-Employed,High School,Business,IL,1
11655,454,711,0.14,16,Employed,High School,Debt Consolidation,IL,1
23267,850,2809,0.13,71,Employed,Bachelors,Home,TX,1
18310,418,3253,0.31,6,Employed,High School,Education,FL,1
27304,763,4464,0.40,50,Employed,High School,Education,GA,1
8015,706,5936,0.38,40,Self-Employed,High School,Education,NC,0
1852,622,3837,0.15,34,Self-Employed,Bachelors,Debt Consolidation,NY,0
14589,427,500,0.18,15,Unemployed,High School,Car,NC,0
14900,678,6927,0.16,27,Employed,High School,Car,NY,0
5089,362,2089,0.42,6,Employed,High School,Education,CA,1
34561,746,8265,0.23,28,Employed,High School,Education,GA,1
18953,808,4790,0.07,55,Unemployed,High School,Education,IL,0
19824,837,7120,0.15,51,Employed,Bachelors,Business,CA,0
17789,466,2132,0.30,13,Employed,High School,Car,CA,0
1000,825,6366,0.05,57,Employed,Masters,Education,FL,0
23447,681,3592,0.38,41,Unemployed,Bachelors,Car,TX,0
4760,493,906,0.18,25,Unemployed,High School,Car,TX,1
17730,561,2517,0.54,29,Self-Employed,High School,Education,OH,1
15431,389,2229,0.32,6,Employed,High School,Home,NY,1
15633,540,3463,0.13,18,Self-Employed,Bachelors,Debt Consolidation,FL,1
1324,314,551,0.43,6,Employed,High School,Home,TX,0
22366,801,3520,0.32,61,Employed,Bachelors,Business,NY,1
16199,572,2879,0.54,30,Unemployed,High School,Business,TX,1
15591,591,873,0.45,41,Employed,PhD,Home,TX,1
10705,449,500,0.05,25,Unemployed,Bachelors,Car,FL,1
16069,498,1354,0.42,23,Self-Employed,Masters,Debt Consolidation,CA,1
6055,614,2701,0.13,36,Employed,High School,Education,FL,0
6867,489,500,0.05,25,Employed,Masters,Business,IL,1
15608,726,9326,0.21,25,Employed,High School,Debt Consolidation,NC,0
17777,562,2356,0.38,28,Employed,High School,Debt Consolidation,IL,1
4971,622,5665,0.27,27,Employed,Masters,Car,FL,1
12463,450,500,0.45,22,Unemployed,High School,Car,NY,1
4727,626,4420,0.36,34,Unemployed,High School,Home,GA,0
21794,746,3948,0.27,50,Employed,Bachelors,Debt Consolidation,OH,0
3459,510,1305,0.16,26,Employed,Masters,Car,NY,0
25561,636,3898,0.41,32,Self-Employed,Masters,Education,TX,1
6143,498,2177,0.38,22,Employed,Bachelors,Debt Consolidation,OH,0
23181,667,2564,0.46,44,Employed,Masters,Debt Consolidation,TX,1
15563,525,1487,0.40,27,Self-Employed,High School,Home,OH,1
16171,393,500,0.14,6,Retired,High School,Debt Consolidation,GA,1
20444,500,2004,0.45,19,Self-Employed,High School,Education,NC,1
7513,384,500,0.40,10,Employed,PhD,Home,IL,1
1425,652,4245,0.29,39,Unemployed,Bachelors,Car,IL,0
17055,513,1622,0.41,24,Unemployed,PhD,Home,FL,1
19638,576,808,0.53,38,Employed,High School,Business,GA,1
1000,617,4074,0.05,32,Employed,PhD,Home,NY,1
19664,581,2093,0.42,32,Employed,Masters,Education,FL,0
8883,455,3148,0.35,9,Employed,Bachelors,Debt Consolidation,NY,0
8298,431,500,0.28,26,Employed,Masters,Business,GA,1
15461,404,2924,0.27,6,Employed,Bachelors,Home,NC,1
16621,517,991,0.45,28,Unemployed,High School,Education,FL,1
23344,303,500,0.23,6,Employed,Bachelors,Education,CA,0
1365,617,2522,0.09,38,Employed,Bachelors,Business,OH,1
19234,530,680,0.53,31,Unemployed,High School,Debt Consolidation,TX,1
23644,466,4405,0.44,6,Employed,Masters,Car,OH,1
16005,498,3301,0.16,12,Unemployed,Bachelors,Car,NY,1
9410,581,3050,0.26,30,Self-Employed,Bachelors,Education,OH,1
26924,567,5077,0.33,15,Unemployed,High School,Car,GA,0
3656,555,3239,0.11,25,Employed,Bachelors,Education,TX,0
21041,632,2534,0.41,39,Self-Employed,Bachelors,Business,TX,1
17305,441,500,0.35,24,Employed,High School,Business,IL,1
6764,387,500,0.05,14,Employed,High School,Home,NC,1
8365,572,2644,0.23,30,Employed,High School,Education,CA,1
6131,607,3533,0.15,32,Unemployed,Bachelors,Car,IL,0
9765,608,3781,0.10,29,Self-Employed,Bachelors,Education,FL,0
13106,521,649,0.05,26,Employed,High School,Business,NC,1
8755,574,3577,0.18,26,Employed,High School,Debt Consolidation,NY,0
14233,424,2015,0.32,7,Employed,Masters,Debt Consolidation,TX,1
5863,575,1512,0.24,36,Unemployed,Bachelors,Business,IL,1
16405,659,6207,0.23,27,Employed,Masters,Business,TX,0
15617,480,887,0.44,22,Employed,PhD,Car,OH,0
1000,337,500,0.34,7,Self-Employed,High School,Debt Consolidation,GA,0
11027,387,500,0.16,13,Retired,Bachelors,Business,CA,1
20747,815,4405,0.13,59,Employed,High School,Business,GA,0
19033,516,3451,0.30,15,Employed,High School,Car,IL,1
17218,430,2648,0.32,6,Employed,High School,Education,NC,0
5850,714,7795,0.24,33,Unemployed,High School,Car,NC,0
22609,495,4080,0.32,8,Employed,High School,Debt Consolidation,CA,1
19858,585,5294,0.45,20,Employed,Bachelors,Car,TX,0
22161,588,2413,0.45,32,Unemployed,High School,Car,NC,1
34129,641,8526,0.20,9,Employed,High School,Home,FL,0
13783,712,4490,0.57,47,Unemployed,Bachelors,Home,NY,1
17194,683,6204,0.23,31,Self-Employed,Masters,Business,GA,0
1000,728,5400,0.09,46,Employed,Bachelors,Education,NY,0
24101,743,3656,0.42,52,Employed,High School,Education,NC,0
19807,489,1825,0.45,18,Employed,Bachelors,Education,NY,1
14862,784,4157,0.34,58,Self-Employed,High School,Education,GA,0
22764,598,2465,0.46,33,Self-Employed,Masters,Debt Consolidation,NY,1
20279,666,4369,0.34,36,Employed,PhD,Business,OH,1
15447,761,8275,0.11,34,Employed,Masters,Car,TX,0
7353,561,2829,0.11,26,Employed,Bachelors,Car,IL,0
9321,545,4430,0.24,18,Retired,High School,Business,NY,0
22672,553,3154,0.41,22,Self-Employed,High School,Debt Consolidation,IL,1
12177,534,500,0.12,31,Self-Employed,Masters,Business,CA,1
8498,542,2257,0.25,27,Employed,High School,Business,CA,1
23189,622,1642,0.53,41,Employed,High School,Business,GA,0
21928,300,500,0.35,6,Employed,High School,Debt Consolidation,IL,1
22297,592,3914,0.33,25,Unemployed,High School,Car,TX,0
9663,526,1758,0.40,27,Employed,PhD,Education,FL,1
19499,788,6904,0.21,45,Employed,PhD,Home,TX,0
4607,501,2965,0.39,19,Self-Employed,Bachelors,Debt Consolidation,IL,0
8660,563,1148,0.06,33,Employed,Bachelors,Car,NY,1
12390,300,539,0.46,6,Employed,Masters,Debt Consolidation,TX,1
23635,834,6785,0.32,53,Employed,Masters,Debt Consolidation,CA,0
3582,691,4152,0.13,44,Self-Employed,Masters,Car,NY,0
4480,706,5333,0.18,41,Self-Employed,Masters,Home,IL,0
1000,601,2873,0.14,35,Employed,Masters,Business,TX,1
14518,401,500,0.19,17,Employed,Masters,Home,CA,0
17796,537,500,0.54,35,Self-Employed,Masters,Home,NC,1
1915,515,819,0.14,29,Self-Employed,Bachelors,Education,FL,1
19440,410,500,0.18,10,Self-Employed,High School,Business,OH,0
2621,548,3378,0.23,24,Employed,Bachelors,Home,IL,0
12009,644,4638,0.39,34,Unemployed,Bachelors,Business,FL,0
8545,469,1210,0.45,21,Employed,Bachelors,Home,CA,1
6008,709,7625,0.40,34,Self-Employed,PhD,Car,GA,0
15918,415,500,0.05,13,Employed,High School,Home,CA,1
1381,500,500,0.10,34,Employed,Masters,Debt Consolidation,FL,0
13750,380,500,0.18,10,Unemployed,High School,Car,OH,1
6312,571,2169,0.21,32,Retired,Masters,Home,GA,0
18221,561,3043,0.42,26,Employed,Bachelors,Education,NC,1
17184,375,2583,0.33,6,Self-Employed,Masters,Debt Consolidation,CA,1
24244,850,7124,0.28,60,Employed,High School,Home,NC,0
20464,621,1938,0.46,40,Unemployed,Masters,Home,OH,1
1000,726,4426,0.20,50,Employed,PhD,Business,NC,0
27739,627,4821,0.36,26,Self-Employed,Bachelors,Debt Consolidation,IL,1
10566,460,500,0.23,21,Self-Employed,Masters,Car,CA,1
11267,494,500,0.16,26,Unemployed,PhD,Debt Consolidation,CA,0
7488,637,2555,0.13,40,Employed,Bachelors,Business,IL,0
8703,669,2557,0.40,48,Unemployed,High School,Business,IL,0
13770,392,654,0.41,9,Employed,Masters,Home,OH,1
1027,600,2635,0.07,35,Employed,High School,Education,TX,0
21004,830,7334,0.23,49,Unemployed,Bachelors,Business,NC,0
17855,481,2189,0.39,16,Employed,Bachelors,Debt Consolidation,GA,1
15455,405,1318,0.40,7,Self-Employed,PhD,Business,NC,1
9857,400,500,0.48,18,Employed,High School,Education,NC,1
8647,667,6121,0.37,32,Retired,High School,Business,NY,0
4823,570,3675,0.30,27,Employed,Bachelors,Car,TX,0
21755,487,2692,0.42,14,Self-Employed,Masters,Debt Consolidation,TX,1
19315,461,1671,0.45,15,Self-Employed,High School,Car,TX,1
7423,486,500,0.05,35,Employed,High School,Car,CA,1
10499,624,4127,0.48,34,Unemployed,High School,Car,GA,0
22055,675,2379,0.46,47,Employed,Bachelors,Business,TX,1
14873,353,500,0.34,10,Employed,High School,Home,GA,1
21166,509,2288,0.44,19,Self-Employed,Masters,Car,CA,1
20720,531,3269,0.35,18,Employed,Masters,Debt Consolidation,OH,1
23982,424,2797,0.33,6,Self-Employed,High School,Car,IL,1
16491,621,1320,0.44,43,Unemployed,PhD,Education,IL,1
26921,379,1237,0.26,6,Unemployed,Bachelors,Business,CA,1
22001,555,1680,0.51,30,Employed,High School,Business,NC,1
4412,615,3469,0.35,36,Employed,High School,Debt Consolidation,FL,0
11345,494,2275,0.05,15,Unemployed,Masters,Home,CA,1
15592,442,571,0.47,17,Employed,High School,Debt Consolidation,NC,1
17440,724,5058,0.14,42,Employed,High School,Business,CA,0
23061,652,4349,0.58,35,Self-Employed,High School,Debt Consolidation,FL,0
20988,505,1923,0.46,21,Employed,PhD,Debt Consolidation,IL,0
15475,589,1440,0.40,38,Employed,High School,Car,OH,1
26503,692,5130,0.32,35,Employed,High School,Education,OH,1
19821,541,2510,0.40,24,Employed,High School,Business,NC,1
11925,587,3804,0.41,28,Retired,High School,Business,GA,1
11553,552,3606,0.26,22,Self-Employed,High School,Business,IL,0
25069,619,5410,0.26,22,Employed,High School,Car,FL,1
22008,850,5953,0.13,64,Employed,Masters,Debt Consolidation,GA,0
24990,543,4359,0.34,14,Employed,High School,Car,CA,1
15394,401,500,0.50,13,Unemployed,Bachelors,Debt Consolidation,FL,1
9426,526,980,0.07,27,Unemployed,Masters,Education,OH,1
19449,514,2081,0.41,21,Employed,Bachelors,Debt Consolidation,NC,1
12545,331,500,0.45,6,Self-Employed,High School,Car,GA,1
20210,538,3766,0.61,20,Employed,Bachelors,Education,GA,1
7102,639,3716,0.15,36,Unemployed,High School,Education,IL,0
17304,403,500,0.22,8,Self-Employed,High School,Education,TX,1
14268,358,3159,0.23,6,Self-Employed,Masters,Car,CA,0
10808,580,2004,0.29,34,Unemployed,Bachelors,Car,NC,1
19267,730,4694,0.21,44,Employed,Masters,Business,NY,0
14552,529,1059,0.41,29,Employed,Bachelors,Home,GA,0
19903,848,6571,0.12,55,Employed,High School,Home,FL,0
8283,497,1899,0.20,20,Employed,Bachelors,Car,GA,0
16982,528,2737,0.41,22,Self-Employed,Bachelors,Education,FL,1
13864,675,5136,0.05,33,Employed,PhD,Home,GA,0
9340,440,772,0.33,17,Unemployed,Bachelors,Debt Consolidation,IL,1
16629,570,604,0.50,39,Unemployed,Bachelors,Business,TX,1
23490,850,2261,0.09,77,Employed,Masters,Debt Consolidation,CA,0
14953,452,878,0.41,17,Unemployed,High School,Home,CA,1
21050,664,3148,0.38,41,Employed,Bachelors,Home,IL,1
13638,575,6484,0.24,13,Employed,High School,Business,CA,0
20617,485,2621,0.40,14,Employed,High School,Education,NY,1
8285,594,1784,0.33,38,Self-Employed,High School,Debt Consolidation,CA,1
17713,357,2777,0.32,6,Employed,High School,Education,CA,1
14929,679,4227,0.51,42,Employed,Bachelors,Car,IL,1
20775,639,1742,0.48,44,Unemployed,Bachelors,Car,TX,1
28433,300,500,0.28,6,Employed,High School,Debt Consolidation,CA,1
20210,300,500,0.40,6,Self-Employed,Masters,Education,FL,1
17766,770,2909,0.05,57,Employed,High School,Debt Consolidation,CA,0
1000,452,2520,0.46,15,Employed,Bachelors,Car,OH,0
10162,582,5761,0.35,19,Employed,High School,Debt Consolidation,FL,0
14672,503,2085,0.51,22,Unemployed,Bachelors,Car,GA,1
13409,322,500,0.42,6,Retired,High School,Car,NY,1
11936,527,3123,0.06,18,Employed,Bachelors,Business,NC,0
4424,665,7109,0.05,25,Employed,High School,Business,FL,0
26068,734,3942,0.41,48,Unemployed,High School,Education,CA,1
9730,480,500,0.05,27,Self-Employed,Bachelors,Business,OH,1
9803,450,2189,0.33,12,Self-Employed,Bachelors,Debt Consolidation,IL,1
1260,663,3404,0.30,45,Unemployed,High School,Education,GA,0
18014,556,500,0.54,37,Self-Employed,Bachelors,Education,TX,1
9014,534,3401,0.25,20,Employed,High School,Car,IL,1
21705,785,5588,0.27,50,Retired,High School,Education,FL,0
7393,589,1837,0.18,36,Unemployed,Bachelors,Education,IL,0
16524,479,852,0.33,21,Self-Employed,High School,Car,OH,0
20536,839,3576,0.06,65,Employed,Bachelors,Business,IL,1
1000,606,3283,0.12,35,Unemployed,High School,Business,OH,0
4220,634,3341,0.18,38,Employed,Masters,Education,NY,0
19189,343,500,0.20,8,Unemployed,Bachelors,Business,OH,1
15579,425,1144,0.42,12,Self-Employed,High School,Education,NY,1
9324,453,1237,0.35,17,Employed,Bachelors,Education,FL,1
18052,516,2518,0.36,20,Employed,High School,Home,FL,1
4812,599,5223,0.20,24,Employed,High School,Business,FL,0
23020,850,7162,0.20,62,Employed,Bachelors,Debt Consolidation,CA,0
21392,451,4513,0.26,6,Unemployed,Masters,Business,FL,1
1000,731,6497,0.22,42,Unemployed,Bachelors,Car,NC,0
19111,805,8103,0.21,42,Employed,High School,Debt Consolidation,CA,0
15264,497,500,0.52,31,Employed,Bachelors,Debt Consolidation,NC,1
25984,676,3427,0.45,41,Employed,PhD,Education,GA,1
18038,501,1928,0.40,20,Employed,High School,Debt Consolidation,TX,1
4672,525,6005,0.16,8,Unemployed,High School,Car,NY,1
28550,708,6028,0.30,33,Employed,High School,Education,FL,0
18489,571,3634,0.29,23,Unemployed,High School,Car,NY,1
15575,465,500,0.47,22,Employed,Masters,Car,TX,1
13780,465,2347,0.27,12,Employed,High School,Business,GA,0
21755,588,3142,0.39,28,Self-Employed,Masters,Home,FL,1
21254,414,3767,0.31,6,Retired,Masters,Debt Consolidation,CA,1
16747,469,3095,0.29,9,Employed,High School,Education,OH,1
13751,365,1702,0.34,6,Employed,Bachelors,Home,NC,0
20685,634,2749,0.36,38,Employed,Masters,Home,NY,1
14511,391,1486,0.36,6,Unemployed,Bachelors,Car,NC,1
17171,514,1470,0.43,25,Employed,Bachelors,Car,FL,1
15722,485,500,0.48,25,Employed,Masters,Business,OH,1
18381,330,500,0.30,6,Employed,Masters,Car,FL,1
22144,712,3053,0.41,49,Self-Employed,High School,Debt Consolidation,TX,1
24155,673,2147,0.52,47,Employed,Masters,Home,GA,1
1478,415,1984,0.24,9,Self-Employed,Bachelors,Education,NC,0
16492,614,500,0.55,50,Employed,High School,Debt Consolidation,FL,1
16469,585,3914,0.27,25,Retired,Bachelors,Car,GA,0
21262,759,4354,0.24,50,Employed,Bachelors,Car,IL,0
20522,451,1724,0.10,9,Employed,Bachelors,Business,NC,1
11946,411,571,0.13,10,Unemployed,Masters,Business,NC,0
10221,363,500,0.46,11,Employed,Masters,Business,TX,1
21142,850,8140,0.20,53,Self-Employed,High School,Education,OH,0
16750,542,4076,0.36,18,Self-Employed,High School,Car,OH,1
13000,593,3111,0.43,32,Employed,Bachelors,Business,FL,1
11774,521,2664,0.18,20,Employed,Bachelors,Car,IL,1
18957,660,3452,0.54,41,Self-Employed,Masters,Debt Consolidation,GA,1
16969,390,1778,0.38,6,Employed,Masters,Business,IL,0
17127,545,4044,0.29,18,Employed,Masters,Debt Consolidation,FL,1
20623,772,1468,0.09,63,Employed,Bachelors,Business,TX,0
12472,464,588,0.05,17,Employed,High School,Home,FL,1
11535,545,2135,0.16,26,Employed,Bachelors,Car,TX,1
23975,519,1855,0.54,23,Unemployed,Masters,Business,CA,1
1000,368,2326,0.45,6,Employed,Bachelors,Car,FL,1
13016,380,500,0.05,6,Retired,High School,Education,IL,1
17231,659,3517,0.45,40,Employed,Masters,Home,FL,0
19351,717,6318,0.29,36,Self-Employed,High School,Education,OH,1
27174,704,3110,0.51,47,Employed,Masters,Business,NY,0
14022,505,589,0.43,28,Employed,Bachelors,Business,CA,1
9673,717,4416,0.45,48,Unemployed,Bachelors,Debt Consolidation,IL,0
22435,517,3072,0.40,17,Employed,High School,Business,FL,1
20786,817,6682,0.21,50,Employed,Bachelors,Debt Consolidation,IL,1
9812,526,500,0.05,38,Self-Employed,High School,Education,IL,0
2236,606,4658,0.29,29,Employed,High School,Education,TX,0
26192,676,3345,0.46,42,Employed,Masters,Car,NY,1
14839,441,1325,0.39,13,Employed,High School,Education,OH,1
22530,742,3094,0.28,53,Self-Employed,High School,Business,GA,1
3613,448,500,0.05,25,Employed,Masters,Debt Consolidation,NY,0
2721,644,6765,0.08,25,Employed,High School,Home,FL,1
19622,519,1664,0.47,25,Employed,Bachelors,Car,GA,1
23108,349,5473,0.20,6,Employed,High School,Education,CA,1
25132,656,3468,0.42,38,Employed,Masters,Business,OH,0
8707,713,8501,0.43,31,Employed,High School,Home,FL,0
16853,531,830,0.47,31,Self-Employed,Bachelors,Education,TX,1
13054,558,3172,0.39,26,Unemployed,High School,Education,TX,1
21153,438,4307,0.27,6,Employed,Masters,Education,IL,0
9721,556,2609,0.12,26,Self-Employed,Masters,Home,IL,1
4379,563,1823,0.26,33,Employed,Bachelors,Car,OH,1
20972,558,4287,0.28,18,Employed,Bachelors,Education,TX,1
4374,641,3424,0.09,38,Self-Employed,Bachelors,Car,IL,0
10606,528,876,0.41,31,Self-Employed,Masters,Debt Consolidation,NC,1
21225,564,3289,0.36,23,Employed,High School,Home,NC,1
22676,383,500,0.25,14,Employed,High School,Debt Consolidation,IL,1
16335,468,2564,0.36,12,Employed,High School,Debt Consolidation,IL,1
23247,700,3747,0.38,44,Unemployed,Bachelors,Debt Consolidation,CA,0
3198,551,2961,0.27,27,Employed,High School,Car,OH,0
9520,606,5589,0.30,23,Employed,Masters,Debt Consolidation,FL,0
9319,394,500,0.47,12,Employed,Bachelors,Car,OH,1
5537,594,4598,0.20,26,Employed,Bachelors,Education,CA,1
22355,509,2892,0.41,16,Employed,High School,Debt Consolidation,OH,1
14502,527,1092,0.41,29,Employed,Masters,Home,CA,1
18795,785,5823,0.14,48,Employed,Bachelors,Car,OH,0
14510,411,1097,0.25,8,Self-Employed,Bachelors,Debt Consolidation,NC,0
10779,549,3180,0.22,23,Employed,PhD,Home,GA,1
20423,662,3130,0.37,41,Employed,High School,Business,TX,0
20167,707,4188,0.27,43,Self-Employed,Masters,Home,NC,0
17979,472,1611,0.42,17,Self-Employed,Masters,Car,IL,1
25942,379,500,0.37,6,Employed,Bachelors,Debt Consolidation,NY,1
20322,446,2716,0.38,7,Employed,Bachelors,Debt Consolidation,NC,1
19397,818,6565,0.14,50,Employed,High School,Business,IL,0
7879,488,2436,0.13,16,Unemployed,High School,Home,CA,0
17224,737,6112,0.15,39,Self-Employed,Masters,Debt Consolidation,IL,0
9037,496,1801,0.10,19,Employed,Bachelors,Business,FL,1
16501,401,2103,0.36,6,Self-Employed,High School,Business,NC,1
20020,515,4574,0.23,9,Employed,High School,Home,GA,1
22952,676,2745,0.45,45,Self-Employed,Bachelors,Business,IL,1
10958,535,1854,0.29,27,Employed,Bachelors,Home,OH,1
13775,552,2605,0.16,24,Employed,Bachelors,Business,FL,1
9330,556,3651,0.18,22,Unemployed,High School,Business,FL,0
14127,460,1287,0.40,17,Employed,High School,Education,FL,0
23747,590,3967,0.35,24,Employed,Bachelors,Car,OH,1
11477,426,500,0.28,20,Employed,High School,Home,CA,0
17772,579,810,0.49,39,Self-Employed,High School,Education,IL,1
21930,470,3802,0.34,6,Employed,PhD,Education,IL,1
1000,735,8710,0.12,34,Employed,Masters,Car,CA,0
2647,427,880,0.43,17,Employed,PhD,Education,CA,0
16792,300,2704,0.30,6,Self-Employed,Masters,Debt Consolidation,TX,1
22118,537,3846,0.34,16,Employed,Bachelors,Business,NY,1
16235,465,1413,0.41,17,Self-Employed,High School,Education,FL,1
5836,534,1172,0.05,27,Employed,Bachelors,Debt Consolidation,TX,1
14580,462,1873,0.34,14,Self-Employed,High School,Car,NY,1
1000,521,1751,0.11,26,Self-Employed,High School,Car,FL,0
17744,670,500,0.53,56,Employed,Bachelors,Debt Consolidation,TX,1
18574,777,6282,0.16,45,Employed,Bachelors,Car,GA,0
20560,611,2937,0.37,33,Employed,Bachelors,Car,TX,1
22717,612,2709,0.45,34,Employed,High School,Debt Consolidation,TX,1
15228,557,2343,0.14,26,Employed,PhD,Car,IL,1
4924,724,4046,0.25,50,Employed,High School,Home,IL,0
19577,754,7475,0.28,37,Self-Employed,Bachelors,Business,TX,0
20972,628,1685,0.48,42,Employed,Masters,Business,NY,1
11158,482,2040,0.19,16,Employed,High School,Education,CA,1
15611,463,3212,0.09,6,Employed,PhD,Car,NY,1
7844,599,5161,0.07,22,Employed,Bachelors,Debt Consolidation,FL,0
1000,668,4686,0.14,39,Employed,Bachelors,Business,GA,0
19962,616,1987,0.45,39,Employed,Bachelors,Business,NC,0
18588,620,3252,0.32,33,Unemployed,Masters,Car,OH,1
20047,850,9500,0.13,53,Employed,High School,Car,NY,0
17939,525,1913,0.40,24,Self-Employed,High School,Business,IL,1
16687,597,2779,0.46,34,Self-Employed,Bachelors,Home,GA,1
6914,537,952,0.30,32,Self-Employed,Masters,Car,TX,0
1329,568,2213,0.35,34,Employed,Bachelors,Education,TX,1
12985,666,3449,0.51,44,Self-Employed,Bachelors,Education,TX,1
13768,604,6098,0.33,20,Employed,Masters,Debt Consolidation,NY,0
16084,465,2478,0.50,13,Self-Employed,PhD,Education,IL,1
19777,557,3866,0.29,20,Unemployed,Masters,Home,NY,0
14507,422,500,0.18,20,Employed,High School,Car,CA,1
16174,510,500,0.52,31,Unemployed,Bachelors,Debt Consolidation,NY,1
22843,796,7681,0.38,43,Self-Employed,Bachelors,Business,IL,1
20778,432,3696,0.32,6,Employed,Masters,Business,GA,1
1000,356,500,0.43,14,Self-Employed,High School,Car,OH,0
15137,757,10016,0.16,27,Retired,Bachelors,Home,TX,0
9834,672,7291,0.26,27,Employed,High School,Home,IL,0
25196,517,3786,0.59,15,Employed,Bachelors,Education,NC,1
20587,796,5117,0.18,53,Employed,Masters,Education,NY,0
23576,442,4672,0.29,6,Employed,Masters,Home,FL,1
23263,625,2978,0.43,35,Employed,Masters,Education,NC,1
24139,578,4033,0.37,22,Retired,Masters,Car,OH,1
16472,711,8633,0.25,26,Employed,High School,Education,FL,0
21544,330,500,0.32,6,Employed,Bachelors,Business,NY,1
14433,481,1970,0.25,16,Employed,High School,Business,CA,0
18654,660,2926,0.22,40,Employed,Masters,Debt Consolidation,NC,1
1000,351,1334,0.34,6,Employed,High School,Business,NC,0
20028,830,8894,0.24,43,Employed,High School,Car,NC,0
2917,620,4835,0.27,31,Retired,Bachelors,Car,TX,0
11126,565,500,0.48,44,Employed,Bachelors,Car,NC,1
13301,469,500,0.49,27,Self-Employed,Bachelors,Debt Consolidation,NY,1
2022,638,4316,0.26,36,Unemployed,Masters,Business,NC,0
4590,634,3826,0.25,37,Employed,High School,Debt Consolidation,IL,0
8435,456,500,0.12,21,Employed,High School,Car,OH,1
20491,503,2239,0.41,19,Employed,High School,Car,NY,1
6693,567,3731,0.20,25,Retired,Bachelors,Car,NC,1
21423,823,4648,0.16,59,Employed,Bachelors,Debt Consolidation,CA,0
18106,795,6074,0.10,49,Retired,High School,Business,TX,0
7055,480,500,0.16,24,Employed,Bachelors,Home,OH,1
6269,539,500,0.30,37,Employed,High School,Debt Consolidation,GA,1
6759,567,2161,0.37,33,Employed,Masters,Education,FL,1
2680,501,1330,0.17,25,Employed,High School,Business,TX,0
19248,795,8201,0.23,40,Unemployed,Bachelors,Car,OH,0
17982,701,6166,0.24,34,Employed,High School,Business,TX,0
26130,631,4607,0.36,28,Employed,Bachelors,Car,TX,1
12215,470,2330,0.49,16,Employed,High School,Car,TX,1
19759,553,1991,0.43,28,Employed,High School,Education,CA,1
1000,687,2588,0.37,56,Unemployed,Bachelors,Car,FL,0
13170,617,3307,0.23,33,Retired,PhD,Car,FL,0
1000,528,3704,0.46,24,Employed,PhD,Education,IL,1
1000,432,1300,0.26,16,Retired,High School,Business,NC,1
19348,764,6925,0.24,41,Employed,Bachelors,Business,NC,0
13007,500,944,0.10,22,Employed,Bachelors,Debt Consolidation,TX,0
22199,615,4753,0.26,25,Self-Employed,Bachelors,Business,NC,1
23163,587,3211,0.41,28,Employed,High School,Business,NY,1
6967,657,2555,0.28,45,Employed,High School,Car,TX,0
1000,721,5906,0.05,42,Self-Employed,Bachelors,Business,NC,0
23443,466,5552,0.22,6,Employed,Bachelors,Debt Consolidation,GA,0
15109,385,2199,0.32,6,Employed,High School,Education,NY,1
21298,748,6524,0.34,40,Employed,Bachelors,Home,NC,1
24332,379,1879,0.14,6,Self-Employed,Masters,Debt Consolidation,FL,1
22080,581,3211,0.39,27,Employed,Bachelors,Car,NY,1
17054,415,2160,0.36,6,Employed,High School,Home,NC,1
12255,512,2400,0.30,20,Self-Employed,Masters,Debt Consolidation,OH,1
8143,300,500,0.45,6,Employed,Bachelors,Business,NC,1
1961,454,1930,0.41,17,Employed,Bachelors,Education,TX,0
20339,549,3389,0.35,21,Employed,Bachelors,Education,NY,1
20151,505,1396,0.11,20,Self-Employed,Masters,Debt Consolidation,NC,1
24856,623,2185,0.54,39,Unemployed,High School,Home,NC,1
21226,585,2531,0.43,31,Employed,Bachelors,Home,OH,1
12881,468,3686,0.16,6,Employed,Bachelors,Home,FL,0
9686,674,5345,0.24,35,Employed,Bachelors,Education,OH,0
21563,850,10407,0.18,56,Employed,Bachelors,Home,GA,0
16311,529,1482,0.41,27,Self-Employed,High School,Debt Consolidation,IL,1
18721,540,2165,0.39,25,Self-Employed,High School,Home,NY,1
23109,659,4895,0.28,31,Employed,Masters,Car,OH,0
16846,502,500,0.52,29,Employed,Masters,Business,NY,1
15004,536,3664,0.40,19,Employed,High School,Education,CA,1
11339,326,500,0.45,6,Employed,Bachelors,Home,OH,1
17042,762,4983,0.06,48,Employed,Bachelors,Education,OH,0
17922,467,1103,0.36,18,Employed,High School,Debt Consolidation,FL,1
25109,699,3926,0.39,43,Self-Employed,Masters,Car,GA,1
24537,485,4858,0.29,6,Self-Employed,High School,Car,OH,1
13469,465,1332,0.33,17,Employed,Masters,Education,NC,0
13413,535,1228,0.09,27,Unemployed,Bachelors,Business,OH,1
7528,489,1164,0.11,21,Retired,High School,Car,GA,1
26206,625,4304,0.39,28,Employed,High School,Car,TX,1
20108,579,1823,0.46,34,Self-Employed,Bachelors,Education,CA,1
14881,419,500,0.49,16,Self-Employed,Bachelors,Home,GA,1
1000,475,2499,0.31,18,Employed,Masters,Car,TX,0
24511,602,3778,0.39,27,Employed,Masters,Debt Consolidation,CA,1
21802,504,3156,0.38,14,Retired,High School,Education,NY,1
1000,531,4310,0.29,22,Unemployed,Masters,Home,NY,0
16407,665,3689,0.13,38,Self-Employed,High School,Education,NY,0
18826,494,1780,0.42,20,Self-Employed,Bachelors,Home,CA,1
22997,602,1057,0.58,41,Employed,Bachelors,Car,TX,1
16522,479,2755,0.29,12,Employed,Bachelors,Education,IL,1
23418,850,5214,0.14,70,Employed,Bachelors,Car,NY,0
21195,774,5156,0.24,49,Self-Employed,High School,Education,IL,1
15671,562,2349,0.71,32,Unemployed,Bachelors,Debt Consolidation,IL,1
13582,544,2666,0.24,24,Employed,Bachelors,Business,OH,1
19741,352,500,0.06,10,Self-Employed,High School,Business,TX,1
1000,622,2119,0.37,44,Employed,PhD,Education,GA,0
12483,424,500,0.50,21,Unemployed,Masters,Car,FL,1
11067,471,1210,0.45,21,Unemployed,High School,Business,FL,0
6528,598,2203,0.27,37,Self-Employed,High School,Car,GA,0
25136,642,3758,0.40,34,Unemployed,High School,Home,TX,0
1000,657,1772,0.05,48,Employed,High School,Education,OH,0
18760,462,2501,0.37,11,Self-Employed,High School,Home,IL,1
1000,850,6163,0.07,68,Self-Employed,Bachelors,Car,OH,0
25371,571,4781,0.31,17,Self-Employed,Masters,Business,IL,1
22656,850,7800,0.21,58,Unemployed,Masters,Education,OH,0
16720,631,5592,0.09,24,Employed,Bachelors,Car,NY,1
25674,601,4518,0.36,23,Self-Employed,Masters,Debt Consolidation,GA,1
27814,735,3839,0.47,49,Self-Employed,High School,Business,OH,0
23619,590,3670,0.37,26,Employed,High School,Car,CA,1
1000,578,1634,0.14,37,Employed,Masters,Home,GA,0
12011,695,4252,0.41,44,Unemployed,High School,Car,TX,0
20208,527,2220,0.42,23,Employed,High School,Car,GA,1
12372,499,2217,0.23,18,Unemployed,Bachelors,Debt Consolidation,GA,1
21395,578,2865,0.39,28,Self-Employed,Bachelors,Car,CA,1
2944,610,4032,0.32,33,Employed,High School,Education,NC,0
3187,665,3481,0.20,43,Employed,Bachelors,Debt Consolidation,CA,0
5376,599,5124,0.34,26,Employed,High School,Business,CA,0
1000,711,5479,0.16,43,Employed,Bachelors,Home,GA,0
21490,850,9462,0.16,58,Employed,Bachelors,Debt Consolidation,OH,0
18982,402,500,0.25,9,Employed,High School,Education,OH,0
6811,493,937,0.05,22,Self-Employed,High School,Car,NY,0
22198,586,2180,0.48,33,Unemployed,Masters,Education,FL,0
22397,509,4083,0.33,10,Employed,High School,Debt Consolidation,GA,1
17945,831,7695,0.09,48,Self-Employed,Bachelors,Education,OH,0
13262,413,1503,0.62,11,Self-Employed,High School,Business,OH,1
22640,605,3355,0.40,30,Employed,Bachelors,Education,CA,0
9535,544,4112,0.35,20,Self-Employed,High School,Car,GA,1
9161,495,500,0.12,30,Self-Employed,Masters,Education,FL,1
1866,621,2359,0.24,41,Unemployed,Masters,Education,GA,0
11333,644,2880,0.45,42,Employed,Masters,Business,FL,1
18634,433,1342,0.36,11,Employed,PhD,Home,OH,1
15949,428,1364,0.41,11,Unemployed,Masters,Car,TX,1
23840,666,2080,0.52,46,Retired,High School,Home,OH,1
1000,643,500,0.05,57,Self-Employed,High School,Car,CA,0
20289,529,4266,0.26,13,Unemployed,High School,Home,GA,1
17459,515,2134,0.38,21,Employed,High School,Education,TX,1
5065,605,3771,0.06,30,Employed,Bachelors,Business,OH,0
10831,429,500,0.25,17,Employed,High School,Home,GA,1
23430,850,8263,0.27,56,Unemployed,Bachelors,Home,NY,0
20948,404,1991,0.34,6,Employed,Bachelors,Education,OH,1
8202,390,1082,0.50,9,Employed,High School,Home,NC,1
25190,850,4154,0.25,69,Employed,High School,Car,TX,1
10273,612,4979,0.37,28,Self-Employed,Bachelors,Home,OH,1
21981,850,6777,0.19,58,Employed,Bachelors,Education,CA,0
7223,673,4299,0.15,39,Employed,High School,Debt Consolidation,NY,0
20871,850,7474,0.16,55,Self-Employed,Masters,Debt Consolidation,IL,0
17747,631,500,0.54,50,Self-Employed,High School,Education,NY,1
14664,566,4847,0.17,17,Retired,High School,Business,IL,1
25980,694,4745,0.35,38,Employed,Bachelors,Business,IL,0
20476,817,5491,0.16,55,Employed,High School,Home,OH,0
1000,838,8131,0.35,56,Employed,High School,Car,GA,0
22541,641,1797,0.52,44,Employed,Bachelors,Car,NC,1
24580,631,3383,0.43,34,Employed,Bachelors,Business,NC,1
21574,615,3973,0.32,29,Employed,Bachelors,Education,CA,0
28101,729,5396,0.35,40,Employed,Bachelors,Home,GA,1
6947,428,1697,0.72,15,Self-Employed,High School,Car,FL,1
1000,623,3081,0.05,38,Employed,Masters,Education,OH,0
24397,599,3529,0.40,28,Employed,Bachelors,Home,NY,1
13076,509,977,0.39,27,Employed,High School,Education,IL,1
22142,463,2825,0.48,10,Unemployed,Masters,Debt Consolidation,IL,1
1000,623,2549,0.12,41,Employed,Bachelors,Education,TX,0
20366,476,2742,0.39,12,Employed,High School,Business,CA,1
14579,546,5924,0.31,11,Employed,Bachelors,Debt Consolidation,TX,0
19683,351,4077,0.26,6,Retired,High School,Home,FL,1
17636,712,4427,0.15,42,Self-Employed,Masters,Car,TX,0
7150,557,2058,0.09,29,Self-Employed,High School,Car,TX,1
20452,574,2367,0.42,30,Employed,High School,Education,FL,1
11829,712,5603,0.54,43,Employed,Masters,Car,GA,0
12149,481,4750,0.09,6,Employed,Bachelors,Home,NY,0
1000,760,6341,0.11,48,Employed,High School,Debt Consolidation,CA,0
14854,503,500,0.50,31,Employed,Bachelors,Car,GA,1
10086,587,4354,0.59,28,Employed,Masters,Education,OH,0
6787,578,2792,0.35,32,Employed,Bachelors,Education,IL,1
1000,511,722,0.05,28,Employed,High School,Debt Consolidation,FL,0
24439,641,4207,0.37,32,Employed,Bachelors,Debt Consolidation,TX,1
17296,626,3360,0.23,33,Employed,High School,Home,IL,0
18575,755,4353,0.12,49,Self-Employed,High School,Business,IL,0
13349,536,5183,0.24,12,Employed,Bachelors,Business,NY,1
20445,580,2518,0.40,30,Employed,PhD,Car,TX,0
24377,725,3392,0.43,50,Self-Employed,PhD,Education,CA,1
12612,423,1801,0.19,7,Employed,Masters,Debt Consolidation,GA,1
11733,490,500,0.51,34,Self-Employed,High School,Debt Consolidation,FL,1
12184,506,500,0.09,26,Retired,Masters,Education,CA,1
17649,374,3070,0.30,6,Employed,High School,Home,OH,1
13225,480,2896,0.08,11,Retired,Masters,Home,NY,1
12354,557,4888,0.25,17,Employed,High School,Home,NY,1
1000,559,2253,0.21,32,Self-Employed,Bachelors,Car,NC,0
22109,638,2163,0.47,41,Employed,PhD,Debt Consolidation,GA,1
20253,478,3595,0.31,8,Self-Employed,High School,Education,FL,0
22381,644,3928,0.34,34,Unemployed,High School,Business,IL,0
16122,483,1558,0.39,19,Employed,Bachelors,Car,IL,1
9822,578,4483,0.33,24,Self-Employed,PhD,Home,NY,1
17225,329,500,0.05,11,Employed,High School,Home,CA,1
8035,319,500,0.41,6,Employed,High School,Home,FL,1
9794,379,500,0.41,12,Employed,Bachelors,Home,FL,1
14431,498,5047,0.17,6,Employed,High School,Business,OH,0
7917,597,2659,0.05,31,Self-Employed,High School,Education,NC,0
20492,483,4121,0.29,6,Unemployed,Bachelors,Education,GA,0
14437,402,1095,0.36,8,Employed,High School,Business,OH,1
8955,505,500,0.64,48,Employed,High School,Debt Consolidation,GA,1
11571,502,1111,0.47,26,Self-Employed,Bachelors,Home,NC,1
19653,524,2903,0.56,21,Employed,Bachelors,Car,FL,1
16787,493,5746,0.20,6,Self-Employed,Bachelors,Education,NY,0
12141,584,3995,0.27,26,Employed,Bachelors,Car,NY,0
2785,603,2788,0.06,34,Employed,High School,Business,OH,1
16978,420,966,0.43,11,Unemployed,PhD,Home,FL,0
8377,500,1735,0.49,24,Employed,Bachelors,Business,CA,1
19644,575,1113,0.50,36,Employed,High School,Home,OH,1
14757,553,500,0.54,41,Self-Employed,Bachelors,Car,CA,0
14789,495,1707,0.41,21,Self-Employed,Bachelors,Car,OH,1
19167,501,3217,0.32,14,Employed,Masters,Education,NC,1
15268,588,2616,0.16,30,Employed,High School,Education,GA,1
17690,489,1833,0.41,19,Employed,High School,Business,TX,1
25573,515,4229,0.38,10,Employed,High School,Business,TX,0
28751,729,4193,0.45,46,Unemployed,High School,Business,GA,1
19326,355,2253,0.46,6,Self-Employed,Bachelors,Home,TX,1
19157,535,3315,0.32,19,Employed,Masters,Business,NC,1
15643,434,500,0.50,20,Employed,High School,Business,GA,1
25249,634,4507,0.35,29,Employed,Masters,Business,GA,1
19776,454,2850,0.36,7,Self-Employed,Bachelors,Car,CA,1
10476,462,1756,0.26,15,Unemployed,High School,Business,GA,1
12878,483,508,0.32,24,Employed,High School,Business,TX,1
24077,662,2531,0.48,43,Employed,Masters,Car,TX,0
5805,720,6869,0.13,37,Unemployed,Bachelors,Debt Consolidation,TX,0
21452,577,997,0.55,37,Employed,Bachelors,Business,TX,1
1000,746,6389,0.27,48,Employed,Bachelors,Business,GA,0
5358,709,3554,0.15,49,Unemployed,Bachelors,Education,FL,0
21319,850,4509,0.06,68,Employed,Bachelors,Home,CA,0
21533,759,1237,0.14,62,Employed,Masters,Debt Consolidation,IL,0
22008,655,2568,0.44,42,Employed,High School,Debt Consolidation,NY,1
18241,544,1012,0.48,32,Employed,High School,Education,GA,1
27154,437,7269,0.15,6,Employed,High School,Car,OH,1
9388,476,500,0.11,24,Retired,Masters,Home,CA,1
19937,534,1385,0.48,28,Employed,High School,Debt Consolidation,CA,1
18384,725,7176,0.26,34,Unemployed,PhD,Debt Consolidation,NY,0
13639,452,905,0.40,17,Employed,Bachelors,Business,TX,1
14043,637,6889,0.29,22,Employed,High School,Car,OH,0
2618,358,757,0.41,6,Employed,High School,Business,NY,1
18970,623,641,0.54,47,Unemployed,High School,Home,OH,0
21085,559,3013,0.39,24,Employed,Bachelors,Home,NC,1
26435,553,4971,0.34,13,Employed,Bachelors,Business,GA,1
19633,300,500,0.17,6,Self-Employed,Bachelors,Debt Consolidation,NY,1
19698,743,9021,0.36,30,Self-Employed,Bachelors,Education,FL,0
17374,693,5917,0.22,34,Employed,Bachelors,Debt Consolidation,FL,0
20162,433,500,0.19,13,Unemployed,High School,Home,NY,1
17004,504,1765,0.30,20,Self-Employed,Bachelors,Debt Consolidation,FL,1
24350,519,6276,0.18,6,Self-Employed,Bachelors,Debt Consolidation,OH,1
17296,480,874,0.36,21,Employed,High School,Education,FL,1
23533,457,4004,0.31,6,Employed,Bachelors,Education,NY,1
18432,737,5373,0.18,42,Employed,Bachelors,Debt Consolidation,IL,1
23919,581,3398,0.41,26,Unemployed,Bachelors,Car,TX,1
14126,516,500,0.51,34,Unemployed,Bachelors,Debt Consolidation,CA,1
2206,357,1945,0.62,6,Retired,Bachelors,Debt Consolidation,OH,1
8126,477,3142,0.34,13,Employed,Bachelors,Car,IL,1
18364,535,2564,0.37,23,Self-Employed,Bachelors,Education,NY,1
2434,618,3475,0.05,33,Self-Employed,High School,Debt Consolidation,GA,0
18435,492,2793,0.29,14,Employed,High School,Car,CA,1
21702,537,2403,0.44,23,Self-Employed,Masters,Car,IL,1
12287,499,500,0.41,28,Employed,High School,Business,NY,1
22230,788,4761,0.26,53,Employed,High School,Education,IL,0
21742,614,2277,0.45,37,Employed,High School,Home,GA,1
10556,520,2762,0.23,20,Self-Employed,High School,Home,NY,1
15296,477,2217,0.22,14,Unemployed,High School,Debt Consolidation,GA,1
22669,850,5701,0.09,72,Unemployed,Masters,Car,TX,0
17851,552,2790,0.17,23,Employed,High School,Debt Consolidation,NC,1
17237,585,4200,0.46,25,Employed,High School,Home,NY,0
6389,604,3519,0.09,31,Unemployed,High School,Car,FL,0
11524,521,1837,0.22,24,Employed,High School,Debt Consolidation,CA,1
13996,474,500,0.45,24,Employed,High School,Education,NY,1
6376,460,1157,0.41,20,Unemployed,Bachelors,Home,NC,1
13771,304,500,0.13,6,Employed,Bachelors,Debt Consolidation,OH,1
5080,541,608,0.13,33,Employed,PhD,Home,NC,1
17082,369,500,0.05,6,Employed,High School,Debt Consolidation,FL,1
23929,570,4311,0.33,19,Employed,High School,Debt Consolidation,NY,1
23579,459,4419,0.30,6,Unemployed,Bachelors,Business,GA,1
20231,640,1861,0.46,44,Unemployed,Bachelors,Car,GA,1
20446,668,2258,0.44,46,Employed,PhD,Business,TX,0
13871,509,1799,0.34,23,Employed,Bachelors,Business,CA,1
20641,738,2270,0.17,55,Employed,Masters,Business,TX,0
7561,561,5796,0.05,11,Self-Employed,High School,Debt Consolidation,GA,1
23290,636,2959,0.43,37,Unemployed,Masters,Home,NY,1
9420,716,5464,0.50,44,Self-Employed,PhD,Education,FL,0
5275,559,1373,0.30,35,Employed,High School,Home,CA,0
8667,633,4579,0.21,32,Unemployed,Bachelors,Car,NY,0
19212,494,2750,0.36,15,Employed,Bachelors,Education,OH,1
20925,475,3333,0.35,9,Employed,High School,Debt Consolidation,OH,1
19287,437,1649,0.71,13,Employed,Masters,Debt Consolidation,GA,1
24526,675,5180,0.28,32,Self-Employed,High School,Debt Consolidation,CA,0
22011,451,2288,0.37,9,Unemployed,Masters,Home,IL,1
9637,538,3728,0.27,20,Self-Employed,High School,Debt Consolidation,GA,1
10495,466,1012,0.50,21,Employed,PhD,Education,IL,0
16591,439,2720,0.32,6,Employed,Masters,Home,FL,1
8185,535,758,0.39,33,Employed,Bachelors,Home,FL,1
20262,850,4743,0.05,65,Self-Employed,High School,Car,TX,0
22015,850,7588,0.21,56,Self-Employed,Bachelors,Debt Consolidation,GA,0
19052,422,2301,0.39,6,Employed,High School,Business,CA,1
2218,508,3302,0.49,21,Unemployed,High School,Business,NC,0
12802,355,500,0.47,8,Unemployed,High School,Debt Consolidation,NC,1
17232,440,3236,0.43,6,Employed,Masters,Debt Consolidation,IL,1
23461,615,4094,0.34,28,Employed,High School,Education,TX,0
2257,625,2355,0.48,44,Employed,Bachelors,Car,FL,1
15931,549,500,0.54,40,Employed,High School,Home,NY,1
6653,563,2043,0.12,30,Employed,Masters,Business,IL,1
13732,414,2190,0.33,6,Employed,High School,Home,FL,1
12217,332,500,0.41,6,Employed,Bachelors,Business,NY,0
21244,764,3173,0.19,56,Retired,Bachelors,Car,FL,0
18887,384,500,0.18,7,Self-Employed,High School,Debt Consolidation,TX,1
6839,544,1886,0.23,29,Employed,High School,Car,NY,0
12283,515,2468,0.24,20,Employed,High School,Car,GA,1
8128,508,500,0.19,36,Self-Employed,High School,Debt Consolidation,NC,1
21501,850,8430,0.16,59,Employed,High School,Home,NY,0
25068,551,6162,0.21,7,Unemployed,High School,Home,TX,0
1000,612,2723,0.13,38,Employed,High School,Home,TX,0
15573,490,2588,0.29,15,Employed,High School,Education,TX,1
28123,663,5329,0.34,29,Employed,PhD,Business,GA,1
20793,850,7746,0.16,55,Employed,Bachelors,Home,OH,0
12114,672,6371,0.05,28,Retired,High School,Car,NC,0
1000,754,2476,0.10,65,Unemployed,Bachelors,Business,GA,0
14064,545,500,0.47,37,Employed,High School,Home,TX,1
19407,656,2091,0.43,45,Employed,Bachelors,Business,OH,0
21509,373,2671,0.23,6,Employed,Bachelors,Home,CA,1
1000,642,3337,0.33,43,Self-Employed,Bachelors,Car,NY,0
27037,645,4202,0.42,32,Unemployed,High School,Business,NC,1
6416,662,5585,0.30,34,Employed,Bachelors,Car,FL,0
3329,685,6195,0.05,33,Employed,High School,Debt Consolidation,TX,0
11203,522,4021,0.12,14,Unemployed,Masters,Debt Consolidation,FL,0
16227,506,2436,0.33,19,Employed,Bachelors,Home,TX,1
18993,543,1675,0.45,28,Unemployed,High School,Car,IL,0
12771,519,1501,0.13,24,Self-Employed,Bachelors,Debt Consolidation,TX,1
9749,550,500,0.24,35,Employed,High School,Car,IL,0
1000,743,6098,0.18,47,Unemployed,High School,Debt Consolidation,IL,0
19963,486,2516,0.40,15,Employed,Bachelors,Debt Consolidation,IL,0
1000,731,4088,0.18,52,Unemployed,High School,Car,IL,0
17978,448,3056,0.32,6,Self-Employed,High School,Car,TX,1
15801,428,534,0.28,13,Self-Employed,High School,Home,NC,0
26724,652,3064,0.49,39,Self-Employed,Masters,Debt Consolidation,TX,1
17703,462,3342,0.28,7,Employed,High School,Debt Consolidation,OH,1
1000,662,4108,0.05,39,Employed,Masters,Car,NC,0
16376,549,3572,0.38,21,Unemployed,PhD,Debt Consolidation,NY,0
15051,584,782,0.44,40,Retired,Bachelors,Business,CA,1
20348,574,5550,0.21,15,Retired,High School,Debt Consolidation,IL,1
22896,561,4330,0.32,18,Employed,Masters,Car,CA,1
10450,443,500,0.05,16,Employed,High School,Car,FL,1
4749,608,1994,0.16,39,Employed,Bachelors,Home,TX,0
22921,572,2841,0.43,27,Employed,Bachelors,Car,NC,1
14995,461,1620,0.37,15,Employed,Bachelors,Car,IL,1
16822,504,2260,0.35,19,Unemployed,Bachelors,Car,CA,0
1000,542,3408,0.27,25,Employed,High School,Car,TX,1
20607,422,2380,0.42,6,Employed,High School,Debt Consolidation,CA,1
6688,518,500,0.05,31,Employed,PhD,Debt Consolidation,OH,1
10147,667,3619,0.38,43,Self-Employed,Masters,Education,NC,0
17296,488,1534,0.43,20,Self-Employed,High School,Home,FL,1
20245,549,3135,0.36,22,Self-Employed,High School,Car,TX,1
1000,793,8326,0.14,47,Self-Employed,Bachelors,Education,CA,0
24933,601,3477,0.42,28,Employed,Bachelors,Car,OH,1
18928,457,2642,0.37,9,Employed,High School,Car,TX,1
5517,470,1793,0.38,19,Employed,Bachelors,Car,NY,1
9757,709,4099,0.38,48,Employed,Bachelors,Education,OH,0
11989,482,500,0.53,33,Unemployed,Masters,Debt Consolidation,NY,1
18949,377,1041,0.54,6,Self-Employed,Bachelors,Debt Consolidation,TX,1
19068,527,2613,0.37,21,Self-Employed,Bachelors,Education,TX,1
20685,678,1575,0.50,51,Employed,PhD,Debt Consolidation,FL,0
1000,600,1904,0.10,39,Self-Employed,Bachelors,Debt Consolidation,NC,1
17618,464,850,0.13,16,Employed,High School,Business,OH,1
20358,351,500,0.22,9,Employed,Bachelors,Education,NC,1
15787,695,3131,0.12,45,Employed,Masters,Car,TX,0
20350,839,5324,0.11,59,Employed,High School,Car,FL,0
24385,309,500,0.37,6,Unemployed,High School,Business,FL,1
14597,581,2300,0.20,31,Unemployed,Bachelors,Business,IL,0
16863,473,2096,0.36,15,Self-Employed,Bachelors,Debt Consolidation,TX,1
19436,519,1263,0.49,26,Self-Employed,High School,Car,NC,1
21084,473,3393,0.23,7,Unemployed,PhD,Business,IL,1
21187,555,3215,0.36,22,Self-Employed,Bachelors,Business,FL,1
10093,411,1611,0.53,10,Unemployed,High School,Debt Consolidation,CA,1
2388,595,3558,0.11,30,Employed,High School,Home,CA,0
1000,623,4413,0.07,33,Unemployed,Bachelors,Education,NY,0
18458,810,4475,0.05,57,Employed,High School,Education,FL,0
22387,850,6568,0.08,71,Unemployed,High School,Home,NC,0
2957,585,3760,0.14,28,Employed,High School,Car,OH,1
1000,754,8964,0.20,35,Unemployed,Masters,Car,OH,0
12804,504,2841,0.35,18,Retired,Bachelors,Car,TX,1
19892,519,2043,0.43,22,Self-Employed,Bachelors,Home,GA,1
20346,821,8823,0.26,42,Employed,High School,Debt Consolidation,NY,0
1000,425,973,0.51,18,Employed,Bachelors,Debt Consolidation,NC,1
1000,615,2092,0.05,39,Employed,Masters,Car,FL,0
21515,613,3645,0.46,31,Employed,High School,Car,TX,1
15887,677,5541,0.16,32,Self-Employed,Masters,Car,IL,0
15417,506,1043,0.41,26,Employed,Bachelors,Debt Consolidation,TX,1
23835,674,3185,0.42,42,Employed,High School,Debt Consolidation,NY,0
22531,487,2914,0.41,12,Employed,Bachelors,Education,IL,1
21859,447,2113,0.19,7,Self-Employed,Bachelors,Education,FL,1
1000,784,6382,0.05,52,Employed,Bachelors,Business,FL,0
18839,717,4999,0.22,41,Employed,High School,Business,GA,0
19018,403,2564,0.37,6,Employed,Bachelors,Education,IL,1
26684,850,4799,0.22,78,Retired,High School,Education,NC,0
23829,570,3930,0.36,21,Self-Employed,High School,Car,IL,1
17133,468,1206,0.44,18,Employed,Masters,Business,OH,1
16017,431,949,0.25,12,Unemployed,Masters,Business,CA,0
17707,850,8082,0.05,53,Self-Employed,Bachelors,Car,FL,0
7229,395,1140,0.28,8,Unemployed,High School,Home,CA,1
10613,608,4965,0.17,25,Employed,Bachelors,Car,CA,0
21677,557,3156,0.38,23,Unemployed,Masters,Home,GA,1
10340,534,1808,0.28,27,Employed,High School,Car,TX,1
19563,604,2841,0.37,33,Self-Employed,Bachelors,Debt Consolidation,NY,1
1678,643,4475,0.38,37,Employed,High School,Home,GA,0
21045,841,5772,0.16,57,Employed,Masters,Business,TX,1
17549,658,3730,0.20,37,Retired,Bachelors,Home,GA,0
7686,502,1242,0.31,25,Self-Employed,Bachelors,Education,CA,1
4570,665,4261,0.52,43,Employed,Masters,Car,NC,1
17634,461,870,0.48,19,Self-Employed,Bachelors,Education,TX,1
20516,597,3722,0.32,27,Employed,Bachelors,Education,FL,1
18630,612,2815,0.36,34,Self-Employed,Bachelors,Education,FL,1
18089,588,687,0.52,41,Employed,Bachelors,Home,FL,0
20782,393,742,0.30,6,Self-Employed,High School,Education,TX,1
7648,582,4255,0.14,24,Self-Employed,Bachelors,Car,IL,1
20788,469,2944,0.24,8,Employed,High School,Home,FL,1
6523,476,4284,0.10,6,Employed,High School,Business,NC,0
15985,389,1088,0.43,6,Employed,Bachelors,Business,FL,1
18431,783,7024,0.17,43,Employed,High School,Education,TX,0
9644,434,500,0.14,20,Unemployed,Bachelors,Education,TX,1
7085,440,500,0.05,19,Employed,High School,Home,GA,1
14996,515,1703,0.37,24,Employed,High School,Debt Consolidation,FL,1
23719,840,5130,0.26,60,Employed,Masters,Debt Consolidation,FL,1
11463,556,2615,0.15,26,Employed,High School,Debt Consolidation,TX,1
15142,431,500,0.59,25,Employed,PhD,Business,TX,1
19885,534,2374,0.63,25,Employed,Bachelors,Business,IL,1
24612,850,2783,0.16,75,Employed,Masters,Education,NC,1
14348,597,5662,0.22,20,Employed,Masters,Debt Consolidation,OH,0
2361,517,2558,0.39,24,Employed,High School,Home,IL,0
20014,641,1191,0.51,47,Employed,Masters,Education,FL,1
13164,455,500,0.42,20,Employed,High School,Business,NY,1
12022,578,3282,0.38,29,Self-Employed,High School,Home,OH,1
30983,733,5243,0.42,41,Unemployed,High School,Car,NC,1
19559,802,6063,0.16,50,Unemployed,Bachelors,Home,TX,0
15761,494,560,0.46,26,Employed,Masters,Business,NY,1
18300,553,1154,0.48,33,Employed,Bachelors,Debt Consolidation,OH,1
14825,514,923,0.42,28,Employed,High School,Car,GA,0
21508,538,3148,0.38,20,Employed,Masters,Education,OH,1
19892,796,5920,0.18,50,Employed,Masters,Business,FL,0
21032,628,2283,0.45,39,Unemployed,High School,Debt Consolidation,IL,1
1614,632,3723,0.13,36,Employed,Bachelors,Home,FL,0
12418,427,500,0.29,16,Employed,Bachelors,Education,CA,1
26328,383,500,0.17,8,Employed,Bachelors,Education,CA,1
14450,619,2916,0.17,34,Employed,High School,Debt Consolidation,GA,0
13995,358,676,0.42,6,Employed,High School,Home,IL,1
22115,660,3712,0.37,37,Employed,Bachelors,Home,CA,1
7620,506,710,0.21,27,Employed,Masters,Education,FL,1
23376,610,3949,0.36,28,Unemployed,Masters,Business,IL,1
10036,532,1156,0.15,28,Self-Employed,High School,Car,NC,1
1000,793,7542,0.19,48,Self-Employed,High School,Home,NC,0
17765,712,5985,0.21,36,Employed,High School,Car,GA,0
8003,693,4446,0.34,44,Employed,High School,Car,TX,0
22301,554,4524,0.30,16,Employed,High School,Business,NY,1
23162,652,4439,0.31,32,Employed,High School,Home,NC,0
11949,379,500,0.12,14,Employed,Bachelors,Business,FL,0
14869,481,3371,0.15,9,Employed,Bachelors,Business,GA,0
21505,549,3621,0.35,19,Employed,High School,Business,TX,0
11788,488,3594,0.30,12,Employed,Masters,Debt Consolidation,IL,1
18027,754,6335,0.17,41,Unemployed,High School,Business,NC,0
18671,524,1683,0.44,25,Employed,Masters,Car,CA,1
22867,493,2994,0.41,13,Employed,Masters,Car,TX,1
1000,821,8896,0.27,48,Self-Employed,High School,Education,FL,0
18484,457,2478,0.05,7,Unemployed,Bachelors,Education,OH,1
5464,576,3000,0.05,28,Employed,High School,Car,GA,1
16893,463,2117,0.37,13,Unemployed,High School,Education,CA,1
17863,802,6693,0.10,47,Self-Employed,Masters,Car,CA,0
17297,777,5501,0.07,48,Employed,Bachelors,Debt Consolidation,OH,0
17005,559,500,0.54,39,Employed,Bachelors,Debt Consolidation,NY,1
5422,579,1699,0.05,34,Unemployed,High School,Debt Consolidation,FL,1
15437,368,1163,0.35,6,Employed,Bachelors,Home,OH,1
21546,326,1000,0.35,6,Employed,Bachelors,Education,FL,1
20183,693,3750,0.27,42,Employed,High School,Car,NY,1
12361,369,500,0.58,9,Self-Employed,High School,Debt Consolidation,CA,1
13123,508,1914,0.05,19,Self-Employed,High School,Car,OH,1
24778,667,3476,0.43,40,Self-Employed,Bachelors,Home,OH,1
11070,550,2162,0.24,28,Employed,High School,Car,TX,0
19586,422,3366,0.32,6,Employed,High School,Car,IL,1
21191,598,1132,0.53,40,Unemployed,High School,Car,GA,1
11171,566,6969,0.34,11,Self-Employed,High School,Education,CA,1
19632,433,2316,0.61,9,Self-Employed,Bachelors,Business,NY,1
12749,307,500,0.39,6,Unemployed,Bachelors,Home,IL,1
10930,447,500,0.20,19,Retired,Masters,Debt Consolidation,OH,1
1000,322,1386,0.37,6,Employed,High School,Home,CA,0
18855,380,2898,0.19,6,Unemployed,Bachelors,Debt Consolidation,CA,0
5273,510,2624,0.09,19,Employed,Masters,Education,NY,0
16231,614,3650,0.20,30,Employed,High School,Education,OH,0
8392,569,4421,0.39,23,Employed,High School,Debt Consolidation,GA,0
21374,748,4389,0.26,48,Unemployed,Bachelors,Debt Consolidation,NC,0
22751,578,1201,0.56,36,Self-Employed,High School,Debt Consolidation,IL,1
17241,467,2410,0.14,10,Employed,High School,Car,TX,1
15663,437,879,0.45,15,Employed,Masters,Business,GA,1
21249,567,2001,0.47,31,Employed,Bachelors,Business,IL,1
16253,466,3032,0.27,9,Self-Employed,Masters,Car,GA,1
20244,582,3823,0.31,24,Employed,Bachelors,Business,GA,0
11678,387,500,0.08,12,Employed,Bachelors,Car,OH,1
20023,488,4094,0.27,7,Retired,Bachelors,Business,NY,0
11761,505,1632,0.36,23,Employed,Masters,Debt Consolidation,OH,1
17114,523,1781,0.39,25,Self-Employed,Bachelors,Home,IL,1
6552,564,2257,0.42,32,Unemployed,High School,Car,IL,1
19992,604,1884,0.45,37,Self-Employed,High School,Debt Consolidation,GA,1
5802,402,1410,0.37,9,Retired,Bachelors,Home,TX,1
18760,650,1704,0.45,46,Employed,High School,Car,CA,1
18812,742,4530,0.16,47,Employed,Masters,Debt Consolidation,CA,0
21693,601,1572,0.52,38,Employed,High School,Debt Consolidation,IL,1
1000,710,5276,0.05,42,Self-Employed,High School,Debt Consolidation,NC,0
22207,432,612,0.26,11,Self-Employed,Bachelors,Debt Consolidation,GA,0
22107,709,1603,0.52,56,Employed,High School,Education,CA,1
19010,425,576,0.39,13,Employed,High School,Education,NY,1
17847,580,1422,0.44,36,Employed,High School,Education,IL,1
26118,704,4926,0.33,38,Self-Employed,Bachelors,Home,IL,0
19635,538,1380,0.48,29,Retired,Masters,Business,NC,1
29965,300,500,0.26,6,Employed,High School,Education,GA,1
9307,516,819,0.14,27,Employed,Masters,Home,NC,1
12171,380,500,0.31,7,Self-Employed,Bachelors,Home,CA,0
22315,830,2482,0.12,68,Self-Employed,High School,Business,FL,1
15749,575,3160,0.27,27,Unemployed,Bachelors,Car,CA,0
18292,748,6928,0.21,38,Employed,High School,Debt Consolidation,NY,0
18386,699,5046,0.22,38,Employed,Masters,Debt Consolidation,NC,0
22659,764,1824,0.21,61,Employed,Bachelors,Business,NC,1
1000,403,1418,0.33,11,Employed,High School,Debt Consolidation,GA,0
17809,474,1353,0.44,19,Employed,Masters,Home,NY,1
21139,507,1689,0.46,22,Employed,Bachelors,Business,GA,1
12506,382,1376,0.33,6,Self-Employed,High School,Debt Consolidation,CA,1
10066,442,500,0.22,17,Employed,High School,Business,OH,1
1000,654,4386,0.08,38,Self-Employed,Bachelors,Education,OH,0
20007,729,1380,0.12,57,Employed,Masters,Car,TX,1
5147,434,3515,0.28,6,Self-Employed,High School,Business,CA,0
19987,782,3735,0.13,56,Retired,Masters,Car,CA,1
16475,432,500,0.37,17,Employed,Masters,Car,NC,1
18869,762,4759,0.14,49,Employed,Bachelors,Business,OH,0
26591,616,4020,0.42,28,Retired,Bachelors,Car,NC,1
13486,376,500,0.46,9,Self-Employed,High School,Car,NY,1
16044,344,2132,0.35,6,Employed,High School,Home,NC,1
2403,551,3141,0.21,26,Employed,High School,Home,CA,1
9847,300,1469,0.37,6,Unemployed,Masters,Debt Consolidation,OH,0
29682,300,500,0.23,6,Employed,High School,Home,OH,1
10470,531,2851,0.25,22,Self-Employed,High School,Home,IL,0
12102,617,4835,0.24,27,Self-Employed,High School,Home,CA,0
1000,592,4083,0.21,30,Unemployed,Bachelors,Car,OH,0
4123,686,3891,0.20,44,Unemployed,High School,Education,TX,0
12063,544,2776,0.37,25,Employed,Masters,Home,NY,0
1000,649,3958,0.13,39,Employed,Bachelors,Car,NC,0
17120,753,6184,0.12,42,Self-Employed,Masters,Home,CA,0
8540,442,500,0.15,18,Self-Employed,High School,Car,FL,1
14397,687,8315,0.17,23,Unemployed,Bachelors,Education,NC,0
13594,465,500,0.47,24,Employed,Bachelors,Business,NC,1
13381,512,912,0.39,27,Employed,Masters,Debt Consolidation,GA,1
16189,509,2029,0.45,22,Retired,PhD,Home,NC,1
17576,399,3207,0.30,6,Employed,Bachelors,Education,TX,1
19387,598,2549,0.38,33,Unemployed,Bachelors,Business,NC,1
19474,747,6313,0.25,41,Self-Employed,Masters,Debt Consolidation,CA,0
20179,537,2722,0.38,22,Employed,Bachelors,Education,OH,1
1339,506,2770,0.33,21,Unemployed,Bachelors,Business,CA,0
25278,521,5357,0.28,6,Unemployed,High School,Car,CA,1
22370,711,3791,0.35,45,Self-Employed,High School,Home,NY,1
7137,563,3126,0.13,26,Employed,High School,Debt Consolidation,NC,1
18407,684,2598,0.16,45,Unemployed,Bachelors,Business,FL,0
17537,743,6264,0.16,40,Employed,High School,Business,TX,0
9492,594,2898,0.38,34,Employed,High School,Debt Consolidation,NY,0
21742,565,2992,0.40,25,Employed,Masters,Education,TX,1
16573,398,500,0.17,9,Employed,Bachelors,Debt Consolidation,OH,0
15910,543,1831,0.37,28,Employed,Bachelors,Debt Consolidation,GA,1
27895,578,4905,0.37,17,Self-Employed,Masters,Business,CA,1
7132,413,2418,0.55,8,Employed,Bachelors,Home,NC,1
15320,513,2208,0.19,19,Employed,Bachelors,Education,TX,0
22137,543,3150,0.40,21,Self-Employed,Bachelors,Education,IL,1
15723,429,2242,0.33,7,Employed,High School,Business,GA,1
18611,387,2110,0.40,6,Unemployed,Masters,Home,NC,1
17560,764,7640,0.18,38,Self-Employed,High School,Car,FL,0
1000,713,6400,0.15,39,Self-Employed,High School,Home,OH,0
20272,482,3489,0.33,9,Unemployed,PhD,Debt Consolidation,NC,0
14703,464,2001,0.37,14,Employed,High School,Education,NY,1
21832,791,4251,0.22,56,Employed,Bachelors,Car,IL,1
24082,662,3089,0.45,41,Employed,PhD,Education,IL,1
22544,479,3968,0.32,6,Unemployed,Masters,Business,FL,1
19507,752,7648,0.29,36,Employed,High School,Education,NY,0
3517,585,2437,0.28,35,Employed,Bachelors,Home,TX,0
5611,522,2074,0.13,24,Retired,High School,Car,IL,1
8107,473,500,0.25,28,Employed,High School,Education,NC,1
10851,647,3727,0.33,38,Employed,High School,Car,IL,0
13095,609,2334,0.32,37,Employed,High School,Business,NY,0
14303,461,1224,0.38,17,Employed,High School,Business,NY,1
18550,524,1580,0.45,26,Retired,Bachelors,Business,GA,1
15007,377,500,0.14,13,Self-Employed,High School,Car,NY,0
20638,468,2538,0.41,11,Unemployed,Masters,Home,NC,1
20642,499,2459,0.42,17,Unemployed,High School,Home,GA,1
4556,649,4870,0.14,33,Employed,High School,Business,GA,0
22200,621,4125,0.32,29,Self-Employed,Bachelors,Home,NY,0
1000,380,2726,0.39,6,Employed,High School,Debt Consolidation,CA,0
17867,755,6230,0.16,42,Employed,High School,Business,GA,0
16529,434,1164,0.22,11,Employed,Bachelors,Education,GA,1
1000,709,4371,0.20,48,Employed,High School,Education,TX,0
17185,445,2538,0.33,8,Employed,Bachelors,Business,CA,1
14048,728,10877,0.19,19,Employed,High School,Education,GA,0
18722,743,5790,0.20,42,Employed,Bachelors,Debt Consolidation,OH,0
9576,577,2540,0.05,28,Unemployed,High School,Home,GA,0
1000,631,2693,0.48,45,Employed,High School,Business,NY,0
8217,411,2739,0.52,6,Employed,High School,Car,TX,1
14023,602,5310,0.18,22,Retired,PhD,Debt Consolidation,TX,0
11838,426,800,0.50,15,Employed,Masters,Car,NC,1
16665,734,4462,0.51,50,Employed,Masters,Debt Consolidation,TX,0
4645,566,4067,0.19,23,Retired,High School,Business,TX,1
8007,568,3582,0.08,24,Unemployed,High School,Business,OH,1
9700,564,2728,0.28,28,Employed,High School,Education,OH,1
4236,769,6824,0.07,45,Employed,High School,Car,GA,0
8630,617,3961,0.12,31,Employed,Masters,Education,OH,0
10648,449,500,0.38,23,Employed,High School,Car,TX,1
1000,689,2786,0.10,50,Employed,Bachelors,Debt Consolidation,GA,0
29629,638,5911,0.32,22,Employed,High School,Car,NY,0
22970,565,2318,0.47,28,Employed,Bachelors,Home,NC,1
20554,633,1850,0.46,42,Employed,Bachelors,Debt Consolidation,NY,1
17278,671,500,0.58,60,Self-Employed,High School,Home,NC,1
14636,501,500,0.51,31,Self-Employed,Bachelors,Business,NC,1
8768,617,3173,0.48,37,Employed,Masters,Home,TX,0
18519,833,5498,0.05,57,Employed,High School,Business,TX,0
20433,609,2857,0.39,33,Self-Employed,Bachelors,Education,GA,1
17355,481,2186,0.32,15,Employed,High School,Debt Consolidation,FL,1
21610,667,2823,0.41,43,Employed,High School,Business,CA,1
19886,850,9088,0.06,60,Employed,Bachelors,Home,NY,0
19876,845,6576,0.12,54,Employed,Masters,Education,OH,1
19156,548,2118,0.42,27,Retired,High School,Debt Consolidation,TX,1
4423,700,6583,0.13,35,Unemployed,High School,Home,TX,0
16566,615,500,0.51,47,Employed,Bachelors,Home,NY,1
18021,495,1443,0.45,22,Employed,Bachelors,Home,FL,1
20793,732,5245,0.29,43,Employed,High School,Debt Consolidation,OH,0
23414,524,5148,0.25,7,Employed,Bachelors,Debt Consolidation,IL,0
18927,470,1095,0.48,19,Employed,Masters,Car,NC,1
15934,692,3282,0.37,46,Employed,Bachelors,Debt Consolidation,NC,0
1960,594,3187,0.18,33,Employed,High School,Education,OH,0
25896,359,500,0.23,6,Employed,High School,Car,NY,0
20320,662,4748,0.36,34,Employed,Masters,Debt Consolidation,OH,0
4758,569,4994,0.31,21,Employed,Masters,Debt Consolidation,CA,0
14916,648,4500,0.31,34,Retired,Bachelors,Car,CA,0
27306,644,4028,0.42,33,Employed,Bachelors,Car,TX,1
10671,409,500,0.42,16,Self-Employed,Masters,Car,NC,1
22975,460,5056,0.25,6,Employed,Masters,Car,TX,1
10952,568,3981,0.25,23,Self-Employed,Masters,Business,TX,0
20022,765,4525,0.18,50,Unemployed,Bachelors,Business,GA,0
28273,400,1167,0.39,6,Self-Employed,High School,Education,TX,1
5795,597,3381,0.20,31,Employed,High School,Home,GA,0
18606,769,5731,0.15,46,Employed,High School,Debt Consolidation,FL,0
17394,305,500,0.22,6,Employed,High School,Car,TX,1
16431,442,3142,0.27,6,Retired,High School,Debt Consolidation,IL,1
8898,660,5072,0.05,32,Employed,High School,Car,OH,0
27004,755,3711,0.45,53,Employed,Bachelors,Education,IL,0
20062,414,500,0.35,13,Employed,Bachelors,Car,TX,1
1000,539,3157,0.20,25,Employed,Bachelors,Business,FL,1
18308,554,3077,0.33,23,Self-Employed,High School,Car,TX,0
19476,474,6140,0.14,6,Employed,PhD,Car,TX,1
15060,530,500,0.49,34,Employed,High School,Education,TX,0
16841,370,1519,0.40,6,Employed,Bachelors,Home,OH,0
10119,601,4469,0.16,26,Retired,Bachelors,Business,NY,0
20670,459,1953,0.24,11,Unemployed,High School,Business,IL,1
1000,456,2095,0.45,17,Employed,Masters,Car,TX,0
8822,524,734,0.25,30,Employed,Bachelors,Home,FL,1
11925,503,2669,0.05,14,Retired,Bachelors,Education,TX,1
16022,548,500,0.51,37,Employed,High School,Car,CA,1
21197,784,8791,0.36,37,Unemployed,PhD,Business,NC,1
25342,812,2114,0.27,68,Employed,High School,Car,OH,0
13980,369,500,0.18,9,Employed,High School,Business,NC,1
1000,550,2015,0.18,31,Employed,High School,Business,FL,1
12635,464,500,0.19,21,Employed,High School,Car,GA,1
30553,646,6053,0.33,23,Unemployed,Bachelors,Business,NC,0
4948,686,7233,0.05,28,Employed,High School,Education,GA,0
19774,504,2992,0.36,15,Employed,Masters,Business,FL,1
14274,449,2538,0.57,12,Self-Employed,Bachelors,Home,NC,1
17423,459,500,0.20,20,Employed,Masters,Car,NC,1
5284,641,5254,0.19,31,Employed,High School,Business,FL,0
19498,811,7658,0.20,45,Employed,Masters,Car,IL,0
27113,496,4955,0.34,6,Unemployed,Bachelors,Home,GA,1
9583,498,2560,0.31,18,Employed,High School,Car,GA,0
8963,300,500,0.52,6,Employed,Bachelors,Car,IL,1
3847,665,5650,0.24,34,Self-Employed,Bachelors,Debt Consolidation,NC,0
28732,683,6711,0.24,26,Employed,High School,Debt Consolidation,GA,1
22143,544,3371,0.38,20,Self-Employed,Bachelors,Business,CA,0
1000,538,572,0.17,34,Employed,Bachelors,Home,CA,1
1430,850,10073,0.17,47,Unemployed,Bachelors,Car,FL,0
8239,539,2918,0.43,25,Employed,High School,Home,TX,1
19270,850,8931,0.05,61,Employed,Masters,Debt Consolidation,IL,0
14065,403,782,0.42,10,Employed,Masters,Education,IL,1
15681,418,1971,0.30,6,Employed,Bachelors,Education,FL,1
21647,631,1294,0.54,45,Employed,Masters,Home,IL,1
15771,467,1863,0.37,15,Employed,Masters,Business,CA,1
12797,317,1815,0.73,6,Employed,High School,Debt Consolidation,CA,1
8929,429,500,0.19,17,Employed,Bachelors,Home,CA,0
10778,568,5031,0.30,19,Employed,Bachelors,Debt Consolidation,FL,1
1000,839,10636,0.24,43,Employed,High School,Education,NY,0
20111,400,500,0.36,17,Employed,Bachelors,Home,NC,1
15663,384,1566,0.37,6,Employed,High School,Education,CA,1
17967,788,5154,0.07,51,Employed,Bachelors,Education,IL,0
15839,496,500,0.51,29,Employed,Bachelors,Home,NC,1
14260,582,2695,0.32,31,Employed,High School,Debt Consolidation,NY,1
19605,392,500,0.10,7,Employed,Bachelors,Car,CA,1
26943,652,4167,0.41,34,Self-Employed,High School,Education,TX,1
10071,501,500,0.18,28,Self-Employed,Masters,Education,CA,1
10680,507,2488,0.41,21,Self-Employed,Bachelors,Business,NC,1
22263,743,5707,0.36,43,Employed,Bachelors,Home,TX,0
11000,473,1328,0.40,20,Employed,Bachelors,Car,GA,1
27775,765,4568,0.41,50,Employed,High School,Debt Consolidation,OH,1
20896,579,1468,0.50,35,Employed,High School,Debt Consolidation,OH,1
17115,504,3132,0.29,15,Self-Employed,Bachelors,Business,GA,0
19568,390,500,0.15,18,Employed,High School,Debt Consolidation,OH,1
22760,835,4577,0.20,61,Employed,Bachelors,Education,IL,0
6669,485,2513,0.38,18,Employed,Masters,Debt Consolidation,GA,0
21175,451,2515,0.24,7,Retired,High School,Education,FL,1
16685,472,2670,0.32,12,Employed,Masters,Car,GA,0
10669,440,706,0.23,15,Unemployed,High School,Education,CA,1
23051,601,4438,0.32,24,Self-Employed,High School,Debt Consolidation,NY,1
17875,473,500,0.55,25,Employed,High School,Debt Consolidation,CA,1
21846,443,3606,0.33,6,Employed,High School,Debt Consolidation,TX,1
21895,503,4746,0.25,6,Self-Employed,Masters,Debt Consolidation,OH,0
8786,651,3338,0.37,41,Employed,Bachelors,Car,TX,0
17569,447,1274,0.30,13,Employed,Bachelors,Debt Consolidation,TX,1
22526,657,4534,0.30,33,Retired,Bachelors,Car,CA,1
22613,566,3564,0.36,22,Employed,Masters,Business,TX,1
24269,850,8176,0.23,65,Unemployed,Masters,Education,OH,0
18576,765,5283,0.14,47,Self-Employed,Bachelors,Car,FL,1
16709,523,1837,0.39,24,Unemployed,High School,Debt Consolidation,GA,1
1000,557,2987,0.21,29,Retired,Bachelors,Home,NY,0
21961,566,3202,0.39,24,Unemployed,Bachelors,Debt Consolidation,GA,1
10126,572,4446,0.38,23,Employed,High School,Business,CA,1
22385,541,3230,0.39,20,Employed,High School,Business,TX,1
17092,427,2201,0.35,6,Employed,High School,Debt Consolidation,GA,0
7584,526,2476,0.21,23,Employed,Masters,Home,CA,0
14418,379,500,0.44,7,Unemployed,Masters,Education,TX,1
14657,497,5152,0.37,6,Employed,High School,Education,IL,1
20201,824,5075,0.12,57,Unemployed,High School,Debt Consolidation,NY,0
5066,593,3640,0.16,29,Self-Employed,High School,Home,GA,0
18049,789,5717,0.09,49,Self-Employed,Bachelors,Car,GA,1
17092,715,5168,0.14,40,Employed,Masters,Debt Consolidation,NY,0
10863,491,500,0.52,35,Employed,Masters,Education,FL,1
19044,701,4632,0.24,40,Employed,Bachelors,Debt Consolidation,TX,0
28658,827,2557,0.59,71,Unemployed,High School,Car,NC,1
8864,518,4436,0.20,13,Unemployed,High School,Education,NC,0
13270,603,3185,0.45,34,Employed,High School,Home,NC,1
20376,552,3457,0.33,21,Employed,Bachelors,Business,NY,1
17892,601,1938,0.40,37,Employed,High School,Debt Consolidation,CA,1
14899,516,500,0.52,34,Unemployed,Masters,Debt Consolidation,GA,0
11139,596,3394,0.33,31,Employed,High School,Business,TX,0
6662,628,2258,0.50,44,Unemployed,High School,Home,CA,1
13576,548,5153,0.21,14,Employed,High School,Business,NY,0
21178,802,4962,0.19,54,Unemployed,Bachelors,Business,FL,0
25664,492,4936,0.32,6,Self-Employed,Masters,Car,FL,0
28860,742,5082,0.40,44,Self-Employed,Bachelors,Home,NY,1
15363,592,2880,0.17,30,Employed,High School,Education,NC,0
10964,471,500,0.48,29,Unemployed,Bachelors,Education,NC,1
7026,563,2319,0.21,30,Employed,High School,Car,OH,1
22468,561,3289,0.39,23,Employed,High School,Car,NY,0
14825,541,500,0.47,35,Employed,Masters,Car,GA,1
13600,512,5831,0.32,6,Self-Employed,Masters,Education,CA,1
20809,565,1586,0.49,32,Unemployed,High School,Home,CA,1
16647,712,6237,0.17,35,Retired,High School,Car,FL,0
1000,758,4623,0.20,56,Self-Employed,High School,Car,NC,0
23731,343,500,0.25,6,Unemployed,Masters,Business,FL,1
18546,618,780,0.20,42,Unemployed,Bachelors,Debt Consolidation,IL,0
21811,850,5057,0.12,65,Employed,PhD,Business,NC,1
22557,850,9225,0.12,67,Employed,High School,Car,NC,0
21040,792,5792,0.23,50,Employed,Masters,Home,GA,0
22105,640,3528,0.36,35,Employed,Masters,Education,GA,1
14987,537,4094,0.14,15,Employed,Bachelors,Home,CA,1
15436,368,1405,0.17,6,Employed,Masters,Education,GA,1
1000,728,6211,0.06,42,Unemployed,High School,Car,TX,0
26176,526,3158,0.47,17,Employed,High School,Home,NY,1
22151,530,3463,0.36,17,Employed,Masters,Home,OH,0
15451,439,2038,0.33,9,Employed,Bachelors,Business,NC,1
15979,368,1865,0.36,6,Employed,PhD,Car,IL,1
21240,499,3287,0.35,13,Employed,Bachelors,Car,TX,1
12417,565,500,0.56,47,Employed,High School,Car,FL,1
7843,558,3091,0.07,24,Employed,High School,Home,FL,0
23124,631,2590,0.46,38,Employed,High School,Business,FL,1
13659,410,500,0.44,14,Employed,Bachelors,Car,TX,0
7059,585,3166,0.05,28,Unemployed,Masters,Business,GA,1
4110,654,6255,0.16,29,Employed,High School,Business,NC,0
1000,666,3995,0.08,42,Employed,High School,Debt Consolidation,GA,0
11662,505,857,0.38,27,Employed,High School,Home,FL,1
4343,549,3766,0.30,23,Employed,Bachelors,Home,NY,1
2085,621,3313,0.07,35,Employed,Bachelors,Home,GA,1
19876,409,1437,0.54,8,Employed,High School,Home,GA,1
4863,719,6844,0.40,39,Self-Employed,PhD,Business,TX,0
8040,611,3904,0.15,30,Employed,Bachelors,Education,CA,1
22155,564,3327,0.38,23,Employed,High School,Home,IL,1
22309,596,2740,0.43,32,Unemployed,Bachelors,Car,TX,0
22011,824,3915,0.16,62,Employed,Masters,Education,FL,0
6920,538,1364,0.05,28,Employed,Bachelors,Home,GA,1
11478,567,1931,0.61,35,Employed,High School,Business,GA,1
16800,363,2808,0.31,6,Self-Employed,High School,Business,FL,1
23011,659,4162,0.34,35,Unemployed,Bachelors,Business,FL,1
11868,619,3455,0.37,35,Unemployed,Bachelors,Car,NY,0
19404,527,4047,0.25,14,Employed,High School,Business,OH,1
16368,454,1026,0.44,17,Employed,High School,Education,IL,1
18793,516,5352,0.28,7,Employed,High School,Car,GA,1
18118,641,1667,0.45,45,Unemployed,Bachelors,Debt Consolidation,NC,1
21089,572,2972,0.39,26,Employed,High School,Business,CA,1
14268,333,500,0.16,12,Employed,High School,Car,CA,0
23071,335,500,0.25,6,Self-Employed,High School,Debt Consolidation,NY,1
1000,787,5362,0.23,57,Self-Employed,High School,Education,NC,0
21207,850,8737,0.15,58,Employed,Masters,Debt Consolidation,GA,0
14003,476,570,0.29,22,Unemployed,High School,Education,NY,0
9392,600,5717,0.12,20,Employed,Masters,Debt Consolidation,NY,0
22434,445,4747,0.38,6,Self-Employed,Masters,Education,NY,1
18948,327,500,0.42,6,Unemployed,Bachelors,Education,NY,1
8129,626,5216,0.07,26,Employed,High School,Home,TX,0
20015,441,2231,0.41,8,Employed,Bachelors,Education,TX,1
10490,617,3760,0.05,30,Employed,High School,Debt Consolidation,CA,0
13248,535,2622,0.23,22,Employed,Bachelors,Car,GA,1
11734,592,6500,0.24,16,Employed,Bachelors,Debt Consolidation,CA,0
5029,600,3934,0.33,31,Employed,Bachelors,Debt Consolidation,IL,0
19451,724,4492,0.22,44,Unemployed,High School,Education,NY,0
20469,778,5157,0.20,50,Employed,High School,Debt Consolidation,FL,0
21322,844,5764,0.16,58,Retired,High School,Business,NC,1
24888,507,5216,0.27,6,Self-Employed,High School,Education,CA,1
11480,555,2566,0.33,28,Employed,High School,Car,NY,1
1000,661,2727,0.26,47,Self-Employed,Bachelors,Car,CA,0
19397,440,2241,0.34,8,Self-Employed,Bachelors,Home,OH,1
15698,513,1861,0.13,20,Self-Employed,High School,Home,NC,1
20163,567,600,0.56,38,Retired,Bachelors,Education,TX,1
18218,532,1511,0.43,27,Employed,Masters,Home,CA,1
19670,495,2090,0.42,18,Employed,High School,Home,OH,1
19264,586,2436,0.39,32,Employed,Bachelors,Debt Consolidation,OH,1
19501,419,2702,0.36,6,Self-Employed,Bachelors,Debt Consolidation,TX,1
4222,605,4037,0.20,30,Employed,Bachelors,Business,CA,1
1000,413,2241,0.53,11,Self-Employed,Bachelors,Home,NC,1
10875,736,3577,0.22,53,Self-Employed,Bachelors,Debt Consolidation,FL,1
18031,351,2075,0.37,6,Unemployed,Masters,Debt Consolidation,CA,1
13588,397,630,0.43,10,Unemployed,Bachelors,Debt Consolidation,TX,1
10560,546,2477,0.32,27,Employed,Masters,Debt Consolidation,OH,1
20063,414,2082,0.43,6,Unemployed,High School,Home,GA,1
10801,509,2152,0.26,21,Employed,Bachelors,Business,OH,1
17736,549,2839,0.33,24,Self-Employed,Masters,Car,TX,1
8470,561,4919,0.08,17,Self-Employed,Masters,Education,IL,0
18516,785,6271,0.14,46,Employed,High School,Business,CA,0
14878,354,500,0.28,14,Employed,Bachelors,Debt Consolidation,NC,1
13099,590,4485,0.22,24,Employed,Bachelors,Business,TX,1
17505,736,3968,0.39,51,Self-Employed,High School,Car,FL,0
22384,620,2987,0.42,34,Employed,High School,Education,IL,1
19536,578,2291,0.40,31,Retired,High School,Education,TX,1
20101,476,3793,0.29,6,Self-Employed,High School,Education,TX,1
17067,466,1058,0.45,19,Employed,PhD,Debt Consolidation,CA,1
7237,495,500,0.22,33,Employed,Bachelors,Car,GA,1
23040,850,4246,0.08,74,Unemployed,High School,Business,FL,0
1000,621,3174,0.15,38,Self-Employed,Masters,Debt Consolidation,IL,0
18538,569,6690,0.31,10,Self-Employed,Masters,Car,OH,0
12104,511,3933,0.21,13,Employed,Bachelors,Car,NC,0
1000,624,500,0.05,54,Self-Employed,Bachelors,Business,OH,0
23269,850,4617,0.08,76,Unemployed,High School,Car,CA,1
9011,472,1051,0.30,20,Employed,Bachelors,Home,CA,1
24310,666,2920,0.46,42,Employed,Bachelors,Business,IL,0
13609,687,500,0.56,66,Employed,PhD,Education,OH,1
21954,850,8293,0.17,60,Employed,High School,Debt Consolidation,TX,0
5727,672,6020,0.26,33,Employed,High School,Car,TX,0
19774,692,5410,0.31,36,Employed,Bachelors,Debt Consolidation,GA,0
7836,492,634,0.16,24,Unemployed,Masters,Education,CA,1
20416,527,2417,0.41,22,Employed,High School,Business,TX,1
30211,656,5224,0.39,29,Unemployed,High School,Debt Consolidation,FL,1
13658,447,500,0.25,22,Self-Employed,High School,Education,CA,1
19247,582,2365,0.40,31,Self-Employed,Masters,Debt Consolidation,TX,1
28910,702,6610,0.25,29,Employed,Bachelors,Home,GA,0
17933,663,2760,0.18,41,Unemployed,High School,Education,IL,0
5252,554,2553,0.26,28,Employed,Masters,Business,OH,0
25774,644,3664,0.43,35,Self-Employed,High School,Debt Consolidation,TX,1
25464,579,5533,0.27,14,Self-Employed,Bachelors,Home,OH,0
19348,461,500,0.05,16,Retired,Bachelors,Home,GA,0
24284,648,5816,0.23,25,Unemployed,High School,Car,IL,1
22155,566,4355,0.30,19,Employed,Bachelors,Debt Consolidation,FL,1
11730,490,1166,0.15,21,Employed,Masters,Debt Consolidation,OH,1
18345,560,3101,0.31,24,Self-Employed,Bachelors,Home,FL,0
10489,595,4047,0.21,27,Employed,Bachelors,Business,GA,0
17043,349,3874,0.21,6,Employed,Bachelors,Business,NY,0
17337,719,6612,0.20,35,Employed,High School,Car,NY,0
13958,479,4365,0.17,6,Employed,Bachelors,Education,GA,0
2042,671,4896,0.30,39,Self-Employed,Bachelors,Education,GA,0
12854,460,1954,0.05,11,Employed,Masters,Home,NC,1
24221,850,6122,0.24,64,Self-Employed,Bachelors,Home,IL,0
13269,542,1993,0.05,24,Employed,High School,Business,NY,1
9022,399,500,0.38,14,Employed,Masters,Car,CA,1
12539,479,500,0.42,25,Unemployed,High School,Debt Consolidation,IL,1
29374,850,4747,0.43,68,Employed,High School,Business,GA,0
19413,745,2948,0.13,53,Employed,Masters,Home,CA,1
26700,623,5757,0.28,21,Unemployed,High School,Car,TX,0
2745,624,4129,0.22,34,Employed,Masters,Debt Consolidation,GA,0
24219,850,6081,0.21,67,Employed,High School,Education,IL,0
18563,786,7193,0.18,43,Employed,High School,Debt Consolidation,GA,0
7231,540,5410,0.19,13,Self-Employed,PhD,Business,NC,1
27922,300,500,0.35,6,Employed,High School,Car,NY,1
20036,753,4551,0.20,48,Unemployed,Masters,Debt Consolidation,NY,0
15710,522,1910,0.35,24,Self-Employed,Masters,Car,GA,1
17987,530,2120,0.39,24,Retired,Bachelors,Education,TX,1
22917,850,6316,0.18,64,Self-Employed,Bachelors,Debt Consolidation,GA,0
1000,677,3993,0.08,43,Retired,High School,Home,FL,0
19978,449,1291,0.28,12,Self-Employed,Bachelors,Debt Consolidation,OH,1
22449,768,3022,0.24,57,Employed,Masters,Debt Consolidation,NY,1
14730,511,3870,0.20,12,Self-Employed,Bachelors,Debt Consolidation,OH,0
1000,634,1281,0.16,48,Employed,Bachelors,Business,FL,0
10324,523,1409,0.05,24,Employed,Masters,Education,FL,1
5085,390,1017,0.44,9,Employed,Masters,Education,IL,1
21189,639,3205,0.38,37,Employed,Bachelors,Education,TX,0
20289,759,5935,0.25,44,Unemployed,High School,Education,FL,0
8057,656,6895,0.24,26,Employed,Bachelors,Education,TX,0
17241,419,500,0.34,16,Employed,High School,Car,FL,1
9576,529,3022,0.56,24,Unemployed,Masters,Education,GA,1
19455,564,3002,0.34,25,Self-Employed,Bachelors,Business,FL,0
19954,628,1671,0.46,42,Employed,High School,Debt Consolidation,OH,1
12943,558,2582,0.35,28,Employed,Bachelors,Education,IL,1
24552,617,3986,0.38,29,Employed,High School,Business,OH,1
22340,779,4162,0.26,54,Unemployed,Bachelors,Car,NY,0
21607,595,3680,0.34,27,Employed,High School,Home,IL,0
1000,300,500,0.41,6,Self-Employed,High School,Home,NY,0
18953,534,3195,0.32,19,Unemployed,Masters,Education,NY,1
21136,364,500,0.18,6,Self-Employed,High School,Home,OH,1
3196,579,3464,0.25,29,Employed,High School,Home,GA,0
12483,581,1640,0.36,36,Self-Employed,High School,Debt Consolidation,TX,1
3858,499,500,0.08,28,Employed,Bachelors,Debt Consolidation,IL,1
15596,323,500,0.39,6,Self-Employed,High School,Home,NC,1
9813,552,2087,0.18,28,Employed,High School,Car,OH,1
21596,634,500,0.65,53,Employed,PhD,Home,GA,1
20839,589,1530,0.50,37,Employed,Bachelors,Home,OH,1
21691,728,2777,0.25,52,Employed,Bachelors,Business,CA,1
14626,664,500,0.54,60,Employed,Bachelors,Debt Consolidation,CA,1
21129,769,5451,0.26,48,Employed,Masters,Debt Consolidation,GA,0
4556,528,3041,0.38,23,Employed,High School,Business,FL,1
10697,447,500,0.52,28,Self-Employed,Masters,Business,CA,1
19333,595,1039,0.50,40,Employed,Bachelors,Debt Consolidation,OH,1
21943,850,2856,0.07,71,Employed,High School,Education,CA,1
16393,733,5369,0.09,41,Employed,High School,Debt Consolidation,IL,0
9584,390,500,0.37,11,Self-Employed,Bachelors,Car,OH,1
10805,850,4481,0.25,70,Self-Employed,Bachelors,Debt Consolidation,NY,0
10004,539,1255,0.23,30,Employed,Bachelors,Home,FL,0
19315,300,500,0.18,6,Employed,Bachelors,Car,OH,1
25782,850,7688,0.18,77,Self-Employed,High School,Business,NC,0
19231,689,4049,0.24,41,Employed,Bachelors,Education,GA,0
20119,554,1732,0.47,30,Employed,High School,Debt Consolidation,FL,1
19626,764,7907,0.29,37,Self-Employed,High School,Business,NC,0
12538,416,500,0.17,16,Unemployed,High School,Education,CA,1
13613,615,4832,0.73,32,Employed,High School,Car,TX,1
11452,488,2186,0.31,18,Retired,High School,Business,IL,1
6146,468,986,0.06,18,Unemployed,High School,Business,NY,0
14733,507,1995,0.05,18,Employed,Masters,Debt Consolidation,FL,1
4846,588,4889,0.23,24,Self-Employed,High School,Business,TX,0
16814,481,500,0.61,32,Self-Employed,Bachelors,Home,TX,1
1814,621,2411,0.16,40,Self-Employed,Bachelors,Business,TX,0
22139,336,1101,0.53,6,Employed,Masters,Debt Consolidation,CA,1
18952,462,3058,0.24,7,Employed,Masters,Debt Consolidation,TX,1
27400,541,5693,0.30,7,Employed,Bachelors,Education,FL,0
20099,547,2669,0.39,24,Unemployed,High School,Business,NY,1
15916,639,3536,0.15,34,Employed,High School,Car,TX,0
21113,641,3403,0.35,36,Employed,Masters,Debt Consolidation,FL,1
23788,707,2656,0.47,50,Employed,High School,Education,IL,0
29044,612,5847,0.32,18,Retired,Bachelors,Debt Consolidation,NY,0
11687,553,2790,0.44,27,Employed,High School,Debt Consolidation,FL,1
18746,559,3566,0.30,22,Unemployed,Bachelors,Home,OH,1
15924,459,2007,0.05,9,Retired,High School,Car,NY,0
10450,547,2154,0.19,27,Employed,Bachelors,Business,CA,1
1000,655,4888,0.07,35,Employed,High School,Debt Consolidation,IL,0
18408,541,763,0.52,33,Employed,High School,Business,NC,1
21124,652,1740,0.50,46,Employed,High School,Business,IL,0
3781,686,5853,0.15,36,Employed,Masters,Education,CA,0
1000,643,3024,0.07,41,Employed,Bachelors,Business,FL,0
23609,517,4693,0.29,8,Self-Employed,High School,Education,NY,1
1000,491,3072,0.27,18,Employed,High School,Business,IL,0
3885,623,5739,0.33,28,Retired,Bachelors,Home,NC,0
20479,498,4306,0.26,7,Retired,Bachelors,Debt Consolidation,NC,0
20567,552,1859,0.46,29,Employed,High School,Car,TX,1
7195,516,500,0.28,32,Self-Employed,Bachelors,Home,GA,0
12870,548,5786,0.23,11,Employed,Bachelors,Education,NC,0
21370,555,2988,0.39,24,Employed,Bachelors,Car,CA,1
1000,605,4109,0.15,31,Self-Employed,High School,Business,NY,0
2124,708,3768,0.19,49,Retired,High School,Education,NY,0
24800,300,500,0.40,6,Employed,Masters,Home,NY,1
18112,694,5226,0.22,37,Self-Employed,Masters,Education,TX,1
7058,698,4057,0.19,45,Self-Employed,Bachelors,Debt Consolidation,CA,0
5433,521,1412,0.39,29,Employed,High School,Home,IL,0
19718,474,2289,0.41,14,Self-Employed,High School,Car,NC,1
20672,850,6744,0.14,57,Employed,High School,Car,NY,0
13153,572,639,0.25,37,Employed,High School,Education,CA,1
19764,604,2452,0.41,35,Unemployed,Masters,Business,CA,1
14304,550,3598,0.11,19,Employed,PhD,Education,IL,0
12375,384,500,0.31,9,Self-Employed,High School,Education,GA,1
5157,351,726,0.39,6,Self-Employed,Masters,Business,OH,1
20842,693,2160,0.45,51,Employed,Bachelors,Education,OH,0
23906,721,607,0.63,63,Employed,Bachelors,Business,TX,1
22366,543,4615,0.27,13,Employed,High School,Home,TX,1
25332,555,5024,0.31,13,Employed,High School,Car,NC,1
10407,502,2681,0.48,20,Employed,High School,Home,NY,1
1000,639,2979,0.35,44,Employed,Bachelors,Business,CA,0
21481,696,1363,0.24,52,Self-Employed,Bachelors,Debt Consolidation,GA,0
20309,595,1216,0.51,39,Unemployed,Bachelors,Car,NC,1
4096,653,2600,0.10,43,Unemployed,Bachelors,Car,IL,0
12463,465,500,0.17,23,Unemployed,High School,Home,NY,1
17583,434,500,0.19,17,Unemployed,High School,Car,TX,1
7940,597,2736,0.30,34,Employed,Bachelors,Debt Consolidation,NC,0
4149,540,3553,0.30,23,Employed,Bachelors,Car,TX,0
17658,441,2152,0.25,8,Employed,Masters,Car,IL,1
12755,656,5531,0.05,28,Unemployed,Bachelors,Business,TX,0
12196,478,1202,0.28,20,Employed,Bachelors,Home,OH,0
17564,456,677,0.50,19,Employed,Bachelors,Home,FL,1
22880,367,500,0.25,6,Employed,Masters,Home,CA,1
24867,629,5332,0.27,24,Unemployed,High School,Home,OH,0
19824,433,729,0.31,12,Unemployed,Masters,Home,CA,1
8855,491,500,0.26,26,Self-Employed,PhD,Business,OH,1
9027,646,4623,0.30,34,Retired,Bachelors,Home,NC,1
19371,421,2973,0.36,6,Employed,High School,Home,OH,1
7792,376,2339,0.26,6,Employed,Masters,Business,OH,1
9030,401,1121,0.54,11,Unemployed,Masters,Business,IL,0
11245,515,1717,0.40,25,Unemployed,High School,Debt Consolidation,GA,1
11795,430,500,0.05,24,Employed,Bachelors,Home,NY,1
6582,300,500,0.47,6,Employed,Bachelors,Business,IL,1
11672,439,2251,0.38,10,Employed,High School,Home,GA,1
1000,675,6001,0.17,35,Employed,Masters,Education,OH,0
22569,850,8018,0.05,78,Self-Employed,High School,Car,TX,0
16022,499,2624,0.53,19,Employed,High School,Education,IL,0
10089,539,3510,0.42,22,Employed,Masters,Business,OH,1
15822,508,1277,0.41,25,Self-Employed,High School,Debt Consolidation,OH,0
31999,677,6568,0.32,25,Employed,Bachelors,Car,CA,0
3858,471,500,0.18,24,Employed,High School,Business,OH,1
18481,433,1989,0.28,7,Employed,PhD,Debt Consolidation,GA,1
15179,300,500,0.05,6,Employed,Bachelors,Car,GA,1
13312,549,3879,0.35,21,Unemployed,Bachelors,Business,TX,1
18109,463,1795,0.42,14,Self-Employed,Bachelors,Home,OH,1
23519,629,3679,0.38,32,Employed,High School,Business,OH,1
9974,395,500,0.37,11,Employed,High School,Business,GA,1
26628,850,3402,0.23,77,Employed,Bachelors,Debt Consolidation,TX,0
20690,593,500,0.30,43,Employed,Bachelors,Education,GA,0
11398,352,500,0.58,16,Employed,Masters,Business,GA,1
25372,647,4048,0.39,33,Employed,High School,Business,IL,1
29265,681,5802,0.33,30,Self-Employed,Bachelors,Debt Consolidation,CA,1
19003,698,5575,0.27,36,Employed,High School,Education,CA,1
16099,484,3078,0.29,12,Self-Employed,Bachelors,Debt Consolidation,IL,1
1000,654,3773,0.09,41,Employed,Bachelors,Home,CA,0
14671,596,2470,0.40,35,Employed,Bachelors,Education,NC,1
15130,677,6822,0.47,30,Employed,Masters,Education,NY,1
21195,815,7086,0.25,48,Employed,Bachelors,Car,NY,0
1099,649,4864,0.24,35,Self-Employed,High School,Debt Consolidation,OH,0
12309,491,500,0.47,30,Employed,Bachelors,Debt Consolidation,OH,1
2468,568,746,0.25,39,Employed,High School,Debt Consolidation,NY,1
1000,568,2225,0.25,34,Employed,High School,Debt Consolidation,IL,1
18908,485,1900,0.42,18,Unemployed,High School,Debt Consolidation,NC,1
6514,595,2007,0.18,36,Self-Employed,High School,Education,NC,1
6661,526,2546,0.10,22,Employed,Masters,Home,OH,0
4142,599,2759,0.06,33,Employed,Bachelors,Education,GA,0
23126,839,3918,0.19,64,Employed,Masters,Debt Consolidation,NY,1
12304,471,766,0.40,22,Employed,Bachelors,Car,OH,1
22266,850,5094,0.18,61,Employed,High School,Car,FL,0
18690,424,2457,0.37,6,Employed,Bachelors,Home,NC,1
29833,374,522,0.05,6,Employed,Bachelors,Debt Consolidation,OH,0
18864,498,2058,0.41,19,Self-Employed,Bachelors,Car,TX,0
19836,510,1744,0.46,22,Employed,High School,Home,NC,1
22820,585,2208,0.49,32,Self-Employed,High School,Car,OH,1
24481,701,3472,0.43,45,Self-Employed,PhD,Business,NC,1
10776,499,3196,0.32,16,Unemployed,Bachelors,Car,CA,0
25540,587,3021,0.47,28,Employed,Bachelors,Business,NY,1
19272,552,2074,0.42,28,Employed,Masters,Debt Consolidation,OH,1
7953,481,500,0.07,25,Employed,Bachelors,Debt Consolidation,GA,1
14830,495,4159,0.12,8,Self-Employed,Bachelors,Home,TX,0
4617,519,2032,0.30,25,Employed,Masters,Business,NC,0
15701,634,4223,0.17,31,Self-Employed,Bachelors,Car,CA,1
18939,557,2221,0.40,28,Unemployed,Bachelors,Debt Consolidation,OH,1
12861,517,2702,0.21,19,Employed,Bachelors,Business,NC,1
7354,468,2853,0.41,14,Self-Employed,High School,Business,OH,0
1426,456,3143,0.42,12,Retired,Masters,Debt Consolidation,OH,1
20072,539,1154,0.50,30,Employed,High School,Debt Consolidation,FL,1
21712,379,500,0.12,14,Employed,Bachelors,Home,CA,1
7339,642,7556,0.11,20,Employed,High School,Home,NC,1
15610,474,1887,0.21,15,Employed,High School,Education,NC,1
25356,850,4909,0.19,75,Self-Employed,Bachelors,Education,TX,0
13454,385,1719,0.32,6,Self-Employed,High School,Home,IL,0
4860,571,4274,0.28,24,Self-Employed,Bachelors,Car,NY,1
4233,645,4741,0.20,34,Self-Employed,Bachelors,Car,NY,0
2534,547,2554,0.25,28,Unemployed,High School,Home,FL,1
1000,591,500,0.18,46,Employed,Bachelors,Debt Consolidation,CA,0
20569,635,2974,0.39,37,Employed,High School,Car,TX,1
1860,744,7381,0.28,41,Employed,High School,Education,NC,0
21588,813,7147,0.27,48,Employed,Masters,Debt Consolidation,TX,0
20982,809,7746,0.27,45,Employed,Bachelors,Education,IL,0
1581,641,3523,0.25,40,Retired,High School,Debt Consolidation,CA,0
1000,597,2575,0.30,37,Employed,Bachelors,Education,GA,0
7535,706,6365,0.31,38,Employed,Masters,Business,CA,0
12277,538,500,0.60,46,Employed,Masters,Business,NY,1
8326,546,2219,0.05,25,Employed,Masters,Debt Consolidation,TX,1
15223,611,3751,0.16,29,Self-Employed,Bachelors,Home,GA,1
25353,470,4852,0.30,6,Employed,Masters,Car,TX,1
18524,850,7247,0.05,57,Employed,PhD,Home,NY,0
6710,466,1952,0.43,18,Employed,Masters,Business,GA,1
9368,476,500,0.33,26,Employed,Bachelors,Business,IL,1
17336,531,1337,0.43,28,Self-Employed,High School,Home,IL,1
12186,498,1923,0.28,20,Unemployed,High School,Debt Consolidation,NC,0
21481,636,1293,0.54,46,Self-Employed,High School,Education,IL,1
23524,522,3943,0.36,13,Self-Employed,Bachelors,Car,TX,1
16709,658,1851,0.09,44,Employed,High School,Education,TX,0
11827,392,500,0.40,15,Employed,Masters,Business,GA,1
6092,343,1708,0.50,6,Employed,Bachelors,Education,OH,0
4673,530,2212,0.40,28,Employed,Masters,Home,FL,1
4945,662,3234,0.38,45,Employed,Masters,Car,FL,0
18087,576,2581,0.39,30,Employed,Bachelors,Education,IL,0
16587,531,2038,0.44,26,Employed,High School,Home,NC,0
10744,577,5578,0.49,20,Retired,High School,Car,NY,0
20770,655,2216,0.44,44,Employed,Masters,Business,CA,0
1000,730,5255,0.26,51,Employed,Masters,Car,GA,0
18090,509,3257,0.29,15,Employed,Bachelors,Education,IL,1
16733,690,5906,0.19,33,Employed,Masters,Debt Consolidation,IL,0
17810,703,8608,0.32,25,Employed,High School,Home,GA,0
6415,562,2039,0.11,30,Self-Employed,Bachelors,Home,FL,0
14891,380,500,0.22,18,Employed,Bachelors,Business,IL,1
20971,766,3298,0.18,55,Employed,Bachelors,Car,OH,0
25077,850,7396,0.17,75,Unemployed,High School,Car,CA,0
12329,493,1521,0.34,21,Employed,High School,Debt Consolidation,NY,1
6880,577,2182,0.43,35,Employed,High School,Car,IL,0
18988,591,1301,0.47,38,Employed,Bachelors,Education,NY,0
2658,614,3569,0.15,34,Employed,Bachelors,Car,NC,0
18223,405,680,0.37,9,Employed,Masters,Home,CA,1
4343,783,5984,0.13,51,Employed,High School,Debt Consolidation,CA,0
16408,528,1305,0.42,28,Employed,High School,Car,OH,1
6670,674,2656,0.22,47,Employed,Bachelors,Business,GA,0
21380,612,2026,0.39,37,Employed,High School,Car,IL,1
19827,647,3527,0.33,36,Employed,High School,Car,OH,0
19287,435,3371,0.06,6,Self-Employed,Masters,Car,TX,1
19646,812,6820,0.17,49,Employed,High School,Debt Consolidation,GA,0
8643,538,2171,0.08,25,Retired,High School,Education,IL,1
22225,850,3334,0.07,72,Employed,Masters,Business,CA,0
20452,754,3916,0.20,51,Retired,Bachelors,Debt Consolidation,NC,0
13076,399,1137,0.37,8,Employed,Bachelors,Car,GA,1
12650,611,865,0.24,43,Unemployed,Masters,Debt Consolidation,NY,1
2650,716,5161,0.20,44,Self-Employed,Bachelors,Business,IL,0
27923,686,5399,0.33,33,Self-Employed,Bachelors,Business,CA,0
16181,556,5369,0.35,15,Employed,PhD,Education,NC,0
12316,655,6882,0.09,23,Employed,High School,Debt Consolidation,IL,0
12993,726,3008,0.30,53,Self-Employed,PhD,Education,CA,0
22521,660,3053,0.42,41,Self-Employed,High School,Home,IL,0
16743,509,2378,0.34,19,Unemployed,High School,Home,FL,0
8826,356,572,0.33,6,Employed,Bachelors,Car,IL,1
16056,630,2434,0.13,37,Employed,Bachelors,Car,NC,0
6061,570,1004,0.11,36,Employed,High School,Debt Consolidation,CA,1
25982,742,5080,0.34,44,Retired,High School,Home,FL,0
23861,832,3411,0.22,65,Employed,High School,Business,IL,1
14795,368,1128,0.40,6,Self-Employed,High School,Education,TX,1
16782,702,7114,0.22,30,Employed,Bachelors,Car,NY,0
14394,505,1368,0.43,25,Employed,Bachelors,Home,TX,1
18866,454,2019,0.41,12,Employed,High School,Home,GA,1
14945,476,805,0.45,22,Employed,Bachelors,Car,CA,1
16174,446,1663,0.39,13,Employed,High School,Home,NY,1
11547,462,1379,0.32,17,Self-Employed,PhD,Debt Consolidation,NC,1
20323,845,6391,0.14,55,Employed,PhD,Education,OH,0
26781,692,2378,0.54,49,Employed,Bachelors,Home,FL,1
20696,522,3314,0.35,17,Self-Employed,Masters,Debt Consolidation,NC,1
9930,300,885,0.30,6,Self-Employed,Bachelors,Car,IL,1
10341,522,2353,0.28,23,Unemployed,PhD,Debt Consolidation,NC,1
20120,507,2185,0.41,19,Employed,Bachelors,Home,OH,1
21305,818,7543,0.27,47,Employed,Bachelors,Education,GA,0
11669,540,1273,0.48,32,Self-Employed,PhD,Debt Consolidation,NY,1
22997,568,4132,0.34,20,Self-Employed,Masters,Home,OH,1
6679,496,500,0.21,29,Employed,High School,Education,FL,0
19390,758,6013,0.22,43,Employed,Masters,Car,IL,0
21101,766,4402,0.23,51,Employed,High School,Home,NY,0
14589,374,500,0.05,14,Employed,Masters,Car,NC,0
11370,485,1778,0.17,18,Employed,Bachelors,Education,NC,1
1038,568,500,0.07,46,Self-Employed,Bachelors,Education,FL,1
18988,810,8001,0.19,43,Employed,High School,Debt Consolidation,OH,0
22042,850,5120,0.05,73,Employed,Masters,Home,GA,0
20540,800,8304,0.29,41,Unemployed,Bachelors,Education,NY,0
27361,743,4261,0.42,48,Employed,Masters,Business,OH,1
3921,496,513,0.16,27,Self-Employed,High School,Home,TX,1
15790,437,1426,0.38,12,Employed,High School,Car,TX,0
20956,592,2812,0.39,31,Employed,Bachelors,Education,OH,1
23554,665,2825,0.44,42,Retired,Bachelors,Debt Consolidation,NY,0
1000,607,2671,0.30,39,Employed,High School,Business,TX,0
20693,737,5573,0.29,42,Employed,High School,Home,FL,0
23154,627,4482,0.31,28,Unemployed,Bachelors,Debt Consolidation,NC,0
17203,504,1290,0.44,24,Employed,Bachelors,Debt Consolidation,IL,1
26081,437,3371,0.29,6,Self-Employed,Masters,Education,NC,1
16117,428,2056,0.35,7,Employed,Bachelors,Business,IL,1
26870,660,2178,0.57,45,Employed,Bachelors,Home,FL,0
23142,543,4270,0.31,15,Self-Employed,Bachelors,Car,FL,1
17569,396,2243,0.36,6,Employed,Bachelors,Business,TX,1
17699,728,6301,0.19,37,Employed,High School,Car,NY,0
8486,511,2911,0.51,21,Unemployed,Bachelors,Home,OH,0
25078,850,3990,0.22,70,Self-Employed,PhD,Debt Consolidation,IL,0
10383,563,4753,0.29,20,Self-Employed,Bachelors,Business,GA,0
27162,617,5432,0.32,21,Employed,Masters,Education,TX,0
20412,655,3710,0.32,37,Employed,High School,Car,NY,0
19316,520,3482,0.30,15,Unemployed,Bachelors,Education,IL,1
20599,601,2286,0.43,35,Employed,High School,Car,IL,1
11418,487,3353,0.19,11,Unemployed,Bachelors,Debt Consolidation,IL,1
13631,473,2052,0.33,15,Employed,High School,Home,CA,1
17414,526,3970,0.07,12,Employed,High School,Home,OH,1
19020,509,1557,0.46,23,Employed,Masters,Home,FL,1
11114,476,500,0.43,27,Unemployed,Bachelors,Business,GA,1
13802,654,6648,0.31,26,Employed,Masters,Car,TX,0
1123,635,2009,0.10,44,Self-Employed,Bachelors,Car,IL,0
19336,656,2163,0.42,45,Employed,High School,Car,OH,1
13285,499,1843,0.37,21,Employed,High School,Home,FL,1
11060,487,500,0.11,30,Retired,Bachelors,Debt Consolidation,TX,1
22123,457,2876,0.76,11,Employed,High School,Car,NY,1
18867,588,3093,0.33,29,Unemployed,Bachelors,Car,TX,0
15257,642,6542,0.22,23,Retired,High School,Home,TX,0
13412,672,2524,0.33,47,Unemployed,Bachelors,Car,TX,1
1000,563,2056,0.33,35,Self-Employed,High School,Debt Consolidation,OH,0
20554,817,7227,0.22,48,Employed,Bachelors,Business,NY,0
17798,409,2099,0.38,6,Self-Employed,Masters,Car,IL,1
16981,481,2475,0.28,14,Unemployed,PhD,Education,NY,1
12677,622,4389,0.09,28,Self-Employed,Masters,Home,IL,0
14481,548,3838,0.37,21,Self-Employed,Bachelors,Business,NY,1
16661,622,1050,0.46,45,Employed,Bachelors,Business,FL,0
